-- User
insert into user(user_id, uid, name, location, profile_img_url, role, provider) values (1,'4r9JXjmsTtYV0N4ixRTSSCk3JIH2' ,'박동민','null','https://lh3.googleusercontent.com/a/AAcHTtdkU4M2AkI9b9XtfuQpunjoWHTG2XbGfqdwZfZ4fHnYYRk=s96-c ' , ' USER','GOOGLE');
insert into user(user_id, uid, name, location, profile_img_url, role, provider) values (2,'null' ,'김지현','null','https://lh3.googleusercontent.com/a/AAcHTtdkU4M2AkI9b9XtfuQpunjoWHTG2XbGfqdwZfZ4fHnYYRk=s96-c ' , ' USER','GOOGLE');
insert into user(user_id, uid, name, location, profile_img_url, role, provider) values (3,'null' ,'이승아','null','https://lh3.googleusercontent.com/a/AAcHTtdkU4M2AkI9b9XtfuQpunjoWHTG2XbGfqdwZfZ4fHnYYRk=s96-c ' , ' USER','GOOGLE');
insert into user(user_id, uid, name, location, profile_img_url, role, provider) values (4,'null' ,'박민지','null','https://lh3.googleusercontent.com/a/AAcHTtdkU4M2AkI9b9XtfuQpunjoWHTG2XbGfqdwZfZ4fHnYYRk=s96-c ' , ' USER','GOOGLE');
insert into user(user_id, uid, name, location, profile_img_url, role, provider) values (5,'null' ,'최선영','null','https://lh3.googleusercontent.com/a/AAcHTtdkU4M2AkI9b9XtfuQpunjoWHTG2XbGfqdwZfZ4fHnYYRk=s96-c ' , ' USER','GOOGLE');
insert into user(user_id, uid, name, location, profile_img_url, role, provider) values (6,'null' ,'정하린','null','https://lh3.googleusercontent.com/a/AAcHTtdkU4M2AkI9b9XtfuQpunjoWHTG2XbGfqdwZfZ4fHnYYRk=s96-c ' , ' USER','GOOGLE');
insert into user(user_id, uid, name, location, profile_img_url, role, provider) values (7,'null' ,'강지원','null','https://lh3.googleusercontent.com/a/AAcHTtdkU4M2AkI9b9XtfuQpunjoWHTG2XbGfqdwZfZ4fHnYYRk=s96-c ' , ' USER','GOOGLE');
insert into user(user_id, uid, name, location, profile_img_url, role, provider) values (8,'null' ,'윤민서','null','https://lh3.googleusercontent.com/a/AAcHTtdkU4M2AkI9b9XtfuQpunjoWHTG2XbGfqdwZfZ4fHnYYRk=s96-c ' , ' USER','GOOGLE');
insert into user(user_id, uid, name, location, profile_img_url, role, provider) values (9,'null' ,'한수진','null','https://lh3.googleusercontent.com/a/AAcHTtdkU4M2AkI9b9XtfuQpunjoWHTG2XbGfqdwZfZ4fHnYYRk=s96-c ' , ' USER','GOOGLE');
insert into user(user_id, uid, name, location, profile_img_url, role, provider) values (10,'null' ,'송지윤','null','https://lh3.googleusercontent.com/a/AAcHTtdkU4M2AkI9b9XtfuQpunjoWHTG2XbGfqdwZfZ4fHnYYRk=s96-c ' , ' USER','GOOGLE');
insert into user(user_id, uid, name, location, profile_img_url, role, provider) values (11,'null' ,'백민아','null','https://lh3.googleusercontent.com/a/AAcHTtdkU4M2AkI9b9XtfuQpunjoWHTG2XbGfqdwZfZ4fHnYYRk=s96-c ' , ' USER','GOOGLE');
insert into user(user_id, uid, name, location, profile_img_url, role, provider) values (12,'null' ,'김나린','null','https://lh3.googleusercontent.com/a/AAcHTtdkU4M2AkI9b9XtfuQpunjoWHTG2XbGfqdwZfZ4fHnYYRk=s96-c ' , ' USER','GOOGLE');
insert into user(user_id, uid, name, location, profile_img_url, role, provider) values (13,'null' ,'이하은','null','https://lh3.googleusercontent.com/a/AAcHTtdkU4M2AkI9b9XtfuQpunjoWHTG2XbGfqdwZfZ4fHnYYRk=s96-c ' , ' USER','GOOGLE');
insert into user(user_id, uid, name, location, profile_img_url, role, provider) values (14,'null' ,'최민주','null','https://lh3.googleusercontent.com/a/AAcHTtdkU4M2AkI9b9XtfuQpunjoWHTG2XbGfqdwZfZ4fHnYYRk=s96-c ' , ' USER','GOOGLE');
insert into user(user_id, uid, name, location, profile_img_url, role, provider) values (15,'null' ,'정은아','null','https://lh3.googleusercontent.com/a/AAcHTtdkU4M2AkI9b9XtfuQpunjoWHTG2XbGfqdwZfZ4fHnYYRk=s96-c ' , ' USER','GOOGLE');
insert into user(user_id, uid, name, location, profile_img_url, role, provider) values (16,'null' ,'유현서','null','https://lh3.googleusercontent.com/a/AAcHTtdkU4M2AkI9b9XtfuQpunjoWHTG2XbGfqdwZfZ4fHnYYRk=s96-c ' , ' USER','GOOGLE');
insert into user(user_id, uid, name, location, profile_img_url, role, provider) values (17,'null' ,'문서진','null','https://lh3.googleusercontent.com/a/AAcHTtdkU4M2AkI9b9XtfuQpunjoWHTG2XbGfqdwZfZ4fHnYYRk=s96-c ' , ' USER','GOOGLE');
insert into user(user_id, uid, name, location, profile_img_url, role, provider) values (18,'null' ,'고민아','null','https://lh3.googleusercontent.com/a/AAcHTtdkU4M2AkI9b9XtfuQpunjoWHTG2XbGfqdwZfZ4fHnYYRk=s96-c ' , ' USER','GOOGLE');
insert into user(user_id, uid, name, location, profile_img_url, role, provider) values (19,'null' ,'이서린','null','https://lh3.googleusercontent.com/a/AAcHTtdkU4M2AkI9b9XtfuQpunjoWHTG2XbGfqdwZfZ4fHnYYRk=s96-c ' , ' USER','GOOGLE');
insert into user(user_id, uid, name, location, profile_img_url, role, provider) values (20,'null' ,'박하린','null','https://lh3.googleusercontent.com/a/AAcHTtdkU4M2AkI9b9XtfuQpunjoWHTG2XbGfqdwZfZ4fHnYYRk=s96-c ' , ' USER','GOOGLE');
insert into user(user_id, uid, name, location, profile_img_url, role, provider) values (21,'null' ,'김아린','null','https://lh3.googleusercontent.com/a/AAcHTtdkU4M2AkI9b9XtfuQpunjoWHTG2XbGfqdwZfZ4fHnYYRk=s96-c ' , ' USER','GOOGLE');
insert into user(user_id, uid, name, location, profile_img_url, role, provider) values (22,'null' ,'임수진','null','https://lh3.googleusercontent.com/a/AAcHTtdkU4M2AkI9b9XtfuQpunjoWHTG2XbGfqdwZfZ4fHnYYRk=s96-c ' , ' USER','GOOGLE');
insert into user(user_id, uid, name, location, profile_img_url, role, provider) values (23,'null' ,'하은지','null','https://lh3.googleusercontent.com/a/AAcHTtdkU4M2AkI9b9XtfuQpunjoWHTG2XbGfqdwZfZ4fHnYYRk=s96-c ' , ' USER','GOOGLE');
insert into user(user_id, uid, name, location, profile_img_url, role, provider) values (24,'null' ,'류지은','null','https://lh3.googleusercontent.com/a/AAcHTtdkU4M2AkI9b9XtfuQpunjoWHTG2XbGfqdwZfZ4fHnYYRk=s96-c ' , ' USER','GOOGLE');
insert into user(user_id, uid, name, location, profile_img_url, role, provider) values (25,'null' ,'신하나','null','https://lh3.googleusercontent.com/a/AAcHTtdkU4M2AkI9b9XtfuQpunjoWHTG2XbGfqdwZfZ4fHnYYRk=s96-c ' , ' USER','GOOGLE');
insert into user(user_id, uid, name, location, profile_img_url, role, provider) values (26,'null' ,'김미현','null','https://lh3.googleusercontent.com/a/AAcHTtdkU4M2AkI9b9XtfuQpunjoWHTG2XbGfqdwZfZ4fHnYYRk=s96-c ' , ' USER','GOOGLE');
insert into user(user_id, uid, name, location, profile_img_url, role, provider) values (27,'null' ,'이소은','null','https://lh3.googleusercontent.com/a/AAcHTtdkU4M2AkI9b9XtfuQpunjoWHTG2XbGfqdwZfZ4fHnYYRk=s96-c ' , ' USER','GOOGLE');
insert into user(user_id, uid, name, location, profile_img_url, role, provider) values (28,'null' ,'박하은','null','https://lh3.googleusercontent.com/a/AAcHTtdkU4M2AkI9b9XtfuQpunjoWHTG2XbGfqdwZfZ4fHnYYRk=s96-c ' , ' USER','GOOGLE');
insert into user(user_id, uid, name, location, profile_img_url, role, provider) values (29,'null' ,'최하윤','null','https://lh3.googleusercontent.com/a/AAcHTtdkU4M2AkI9b9XtfuQpunjoWHTG2XbGfqdwZfZ4fHnYYRk=s96-c ' , ' USER','GOOGLE');
insert into user(user_id, uid, name, location, profile_img_url, role, provider) values (30,'null' ,'강윤서','null','https://lh3.googleusercontent.com/a/AAcHTtdkU4M2AkI9b9XtfuQpunjoWHTG2XbGfqdwZfZ4fHnYYRk=s96-c ' , ' USER','GOOGLE');

-- OAuthUser
insert into oauth_user(oauthuser_user_id, email, name, oap, picture, provider_user_id, user_id) values (1,'parkdongmin123@gmail.com','박동민','GOOGLE','https://lh3.googleusercontent.com/a/AAcHTtdkU4M2AkI9b9XtfuQpunjoWHTG2XbGfqdwZfZ4fHnYYRk=s96-c','firebase',1);

-- Board
insert into board(board_id, writer_id, product_name, product_img, expiration_date, price, description, like_count) values (1 , 1 ,' 왕밤빵 ' ,'https://lh3.googleusercontent.com/a/AAcHTtdkU4M2AkI9b9XtfuQpunjoWHTG2XbGfqdwZfZ4fHnYYRk=s96-c','2023-07-25',3500 , ' 왕밤빵왕밤빵왕밤빵왕밤빵왕밤빵왕밤빵왕밤빵왕밤빵왕밤빵왕밤빵왕밤빵왕밤빵왕밤빵왕밤빵왕밤빵왕밤빵왕밤빵',2);
insert into board(board_id, writer_id, product_name, product_img, expiration_date, price, description, like_count) values (2 , 1 ,'물냉면' ,'https://lh3.googleusercontent.com/a/AAcHTtdkU4M2AkI9b9XtfuQpunjoWHTG2XbGfqdwZfZ4fHnYYRk=s96-c','2023-07-25',4000 , ' 물물냉면',2);
insert into board(board_id, writer_id, product_name, product_img, expiration_date, price, description, like_count) values (3 , 1 ,'냉동피자' ,'https://lh3.googleusercontent.com/a/AAcHTtdkU4M2AkI9b9XtfuQpunjoWHTG2XbGfqdwZfZ4fHnYYRk=s96-c','2023-07-26',5000 , ' 냉동피자 맛있는 피자',2);
insert into board(board_id, writer_id, product_name, product_img, expiration_date, price, description, like_count) values (4 , 1 ,'냉동돈까스' ,'https://lh3.googleusercontent.com/a/AAcHTtdkU4M2AkI9b9XtfuQpunjoWHTG2XbGfqdwZfZ4fHnYYRk=s96-c','2023-07-27',4000 , ' 돈까스 치즈돈까스',1);
insert into board(board_id, writer_id, product_name, product_img, expiration_date, price, description, like_count) values (5 , 1 ,'컵라면' ,'https://lh3.googleusercontent.com/a/AAcHTtdkU4M2AkI9b9XtfuQpunjoWHTG2XbGfqdwZfZ4fHnYYRk=s96-c','2023-07-28',500 , ' 라면컵라면',1);
insert into board(board_id, writer_id, product_name, product_img, expiration_date, price, description, like_count) values (6 , 1 ,'봉지라면' ,'https://lh3.googleusercontent.com/a/AAcHTtdkU4M2AkI9b9XtfuQpunjoWHTG2XbGfqdwZfZ4fHnYYRk=s96-c','2023-07-29',400 , ' 라면봉지라면',1);
insert into board(board_id, writer_id, product_name, product_img, expiration_date, price, description, like_count) values (7 , 2 ,'떡볶이' ,'https://lh3.googleusercontent.com/a/AAcHTtdkU4M2AkI9b9XtfuQpunjoWHTG2XbGfqdwZfZ4fHnYYRk=s96-c','2023-07-30',2200 , ' 매운떡볶이이이',1);
insert into board(board_id, writer_id, product_name, product_img, expiration_date, price, description, like_count) values (8 , 2 ,'냉모밀' ,'https://lh3.googleusercontent.com/a/AAcHTtdkU4M2AkI9b9XtfuQpunjoWHTG2XbGfqdwZfZ4fHnYYRk=s96-c','2023-07-31',1500 , ' 냉냉모밀',1);
insert into board(board_id, writer_id, product_name, product_img, expiration_date, price, description, like_count) values (9 , 2 ,'김치전' ,'https://lh3.googleusercontent.com/a/AAcHTtdkU4M2AkI9b9XtfuQpunjoWHTG2XbGfqdwZfZ4fHnYYRk=s96-c','2023-08-01',2000 , ' 김치전김치전',4);
insert into board(board_id, writer_id, product_name, product_img, expiration_date, price, description, like_count) values (10 , 2 ,'닭갈비' ,'https://lh3.googleusercontent.com/a/AAcHTtdkU4M2AkI9b9XtfuQpunjoWHTG2XbGfqdwZfZ4fHnYYRk=s96-c','2023-08-02',6000 , ' 치킨갈비',1);
insert into board(board_id, writer_id, product_name, product_img, expiration_date, price, description, like_count) values (11 , 2 ,'보쌈' ,'https://lh3.googleusercontent.com/a/AAcHTtdkU4M2AkI9b9XtfuQpunjoWHTG2XbGfqdwZfZ4fHnYYRk=s96-c','2023-08-03',10000 , ' 보쌈굴보쌈마늘보쌈',1);
insert into board(board_id, writer_id, product_name, product_img, expiration_date, price, description, like_count) values (12 , 3 ,'간장게장' ,'https://lh3.googleusercontent.com/a/AAcHTtdkU4M2AkI9b9XtfuQpunjoWHTG2XbGfqdwZfZ4fHnYYRk=s96-c','2023-08-04',12000 , ' 꽃게 간장에 절인',1);
insert into board(board_id, writer_id, product_name, product_img, expiration_date, price, description, like_count) values (13 , 3 ,'카레라이스' ,'https://lh3.googleusercontent.com/a/AAcHTtdkU4M2AkI9b9XtfuQpunjoWHTG2XbGfqdwZfZ4fHnYYRk=s96-c','2023-08-05',800 , ' 3분이면 완성되는 카레라이스',2);
insert into board(board_id, writer_id, product_name, product_img, expiration_date, price, description, like_count) values (14 , 4 ,'짜장밥' ,'https://lh3.googleusercontent.com/a/AAcHTtdkU4M2AkI9b9XtfuQpunjoWHTG2XbGfqdwZfZ4fHnYYRk=s96-c','2023-08-06',700 , ' 짜장소스를 밥에 부은',6);
insert into board(board_id, writer_id, product_name, product_img, expiration_date, price, description, like_count) values (15 , 4 ,'소고기덮밥' ,'https://lh3.googleusercontent.com/a/AAcHTtdkU4M2AkI9b9XtfuQpunjoWHTG2XbGfqdwZfZ4fHnYYRk=s96-c','2023-08-07',3500 , ' 밥위에 소고기를 얹은',1);
insert into board(board_id, writer_id, product_name, product_img, expiration_date, price, description, like_count) values (16 , 4 ,'갈비찜' ,'https://lh3.googleusercontent.com/a/AAcHTtdkU4M2AkI9b9XtfuQpunjoWHTG2XbGfqdwZfZ4fHnYYRk=s96-c','2023-08-08',8800 , ' 맛있는 갈비찜',1);
insert into board(board_id, writer_id, product_name, product_img, expiration_date, price, description, like_count) values (17 , 5 ,'김밥' ,'https://lh3.googleusercontent.com/a/AAcHTtdkU4M2AkI9b9XtfuQpunjoWHTG2XbGfqdwZfZ4fHnYYRk=s96-c','2023-08-09',1100 , ' 한국의 패스트픋',1);
insert into board(board_id, writer_id, product_name, product_img, expiration_date, price, description, like_count) values (18 , 5 ,'크림빵' ,'https://lh3.googleusercontent.com/a/AAcHTtdkU4M2AkI9b9XtfuQpunjoWHTG2XbGfqdwZfZ4fHnYYRk=s96-c','2023-08-10',700 , ' 우유와 같이 먹으면 맛있는',1);
insert into board(board_id, writer_id, product_name, product_img, expiration_date, price, description, like_count) values (19 , 5 ,'김치찌개' ,'https://lh3.googleusercontent.com/a/AAcHTtdkU4M2AkI9b9XtfuQpunjoWHTG2XbGfqdwZfZ4fHnYYRk=s96-c','2023-08-11',2000 , ' 칼칼한',1);
insert into board(board_id, writer_id, product_name, product_img, expiration_date, price, description, like_count) values (20 , 6 ,'칼국수' ,'https://lh3.googleusercontent.com/a/AAcHTtdkU4M2AkI9b9XtfuQpunjoWHTG2XbGfqdwZfZ4fHnYYRk=s96-c','2023-08-12',1600 , ' 바지락넣으면 맛있는',3);
insert into board(board_id, writer_id, product_name, product_img, expiration_date, price, description, like_count) values (21 , 6 ,'어묵' ,'https://lh3.googleusercontent.com/a/AAcHTtdkU4M2AkI9b9XtfuQpunjoWHTG2XbGfqdwZfZ4fHnYYRk=s96-c','2023-08-13',2500 , ' 떡볶이 탕 어디에 넣어도 좋은',4);
insert into board(board_id, writer_id, product_name, product_img, expiration_date, price, description, like_count) values (22 , 7 ,'치즈케이크' ,'https://lh3.googleusercontent.com/a/AAcHTtdkU4M2AkI9b9XtfuQpunjoWHTG2XbGfqdwZfZ4fHnYYRk=s96-c','2023-08-14',3000 , ' 디저트로 딱 좋은',2);
insert into board(board_id, writer_id, product_name, product_img, expiration_date, price, description, like_count) values (23 , 7 ,'프로틴' ,'https://lh3.googleusercontent.com/a/AAcHTtdkU4M2AkI9b9XtfuQpunjoWHTG2XbGfqdwZfZ4fHnYYRk=s96-c','2023-08-15',20000 , ' 운동하는 사람에게 필수',5);
insert into board(board_id, writer_id, product_name, product_img, expiration_date, price, description, like_count) values (24 , 7 ,'콘후레이크' ,'https://lh3.googleusercontent.com/a/AAcHTtdkU4M2AkI9b9XtfuQpunjoWHTG2XbGfqdwZfZ4fHnYYRk=s96-c','2023-08-16',2500 , ' 간단한 아침식사로 최적',4);
insert into board(board_id, writer_id, product_name, product_img, expiration_date, price, description, like_count) values (25 , 8 ,'프로틴바' ,'https://lh3.googleusercontent.com/a/AAcHTtdkU4M2AkI9b9XtfuQpunjoWHTG2XbGfqdwZfZ4fHnYYRk=s96-c','2023-08-17',500 , ' 건강하게 먹을 수 있는 간식',3);
insert into board(board_id, writer_id, product_name, product_img, expiration_date, price, description, like_count) values (26 , 9 ,'닭가슴살' ,'https://lh3.googleusercontent.com/a/AAcHTtdkU4M2AkI9b9XtfuQpunjoWHTG2XbGfqdwZfZ4fHnYYRk=s96-c','2023-08-18',1000 , ' 운동하는 사람 필수템',1);
insert into board(board_id, writer_id, product_name, product_img, expiration_date, price, description, like_count) values (27 , 10 ,'곤약젤리' ,'https://lh3.googleusercontent.com/a/AAcHTtdkU4M2AkI9b9XtfuQpunjoWHTG2XbGfqdwZfZ4fHnYYRk=s96-c','2023-08-19',300 , ' 칼로리 낮은 간식',1);
insert into board(board_id, writer_id, product_name, product_img, expiration_date, price, description, like_count) values (28 , 11 ,'치킨' ,'https://lh3.googleusercontent.com/a/AAcHTtdkU4M2AkI9b9XtfuQpunjoWHTG2XbGfqdwZfZ4fHnYYRk=s96-c','2023-08-20',4000 , ' 한국인 소울푸드',3);
insert into board(board_id, writer_id, product_name, product_img, expiration_date, price, description, like_count) values (29 , 12 ,'족발' ,'https://lh3.googleusercontent.com/a/AAcHTtdkU4M2AkI9b9XtfuQpunjoWHTG2XbGfqdwZfZ4fHnYYRk=s96-c','2023-08-21',9900 , ' 야식으로 먹으면 좋은',2);
insert into board(board_id, writer_id, product_name, product_img, expiration_date, price, description, like_count) values (30 , 13 ,'곱창' ,'https://lh3.googleusercontent.com/a/AAcHTtdkU4M2AkI9b9XtfuQpunjoWHTG2XbGfqdwZfZ4fHnYYRk=s96-c','2023-08-22',6000 , ' 야식으로 먹으면 좋은22',5);

-- Likes
insert into likes(user_id, board_id) values (2 ,1);
insert into likes(user_id, board_id) values (3 ,1);
insert into likes(user_id, board_id) values (4 ,2);
insert into likes(user_id, board_id) values (5 ,2);
insert into likes(user_id, board_id) values (6 ,3);
insert into likes(user_id, board_id) values (7 ,3);
insert into likes(user_id, board_id) values (8 ,4);
insert into likes(user_id, board_id) values (9 ,5);
insert into likes(user_id, board_id) values (10 ,6);
insert into likes(user_id, board_id) values (11 ,7);
insert into likes(user_id, board_id) values (12 ,8);
insert into likes(user_id, board_id) values (13 ,9);
insert into likes(user_id, board_id) values (14 ,9);
insert into likes(user_id, board_id) values (15 ,9);
insert into likes(user_id, board_id) values (16 ,9);
insert into likes(user_id, board_id) values (17 ,10);
insert into likes(user_id, board_id) values (18 ,11);
insert into likes(user_id, board_id) values (19 ,12);
insert into likes(user_id, board_id) values (20 ,13);
insert into likes(user_id, board_id) values (21 ,13);
insert into likes(user_id, board_id) values (22 ,14);
insert into likes(user_id, board_id) values (23 ,14);
insert into likes(user_id, board_id) values (24 ,14);
insert into likes(user_id, board_id) values (25 ,14);
insert into likes(user_id, board_id) values (26 ,14);
insert into likes(user_id, board_id) values (27 ,14);
insert into likes(user_id, board_id) values (28 ,15);
insert into likes(user_id, board_id) values (29 ,16);
insert into likes(user_id, board_id) values (30 ,17);
insert into likes(user_id, board_id) values (1 ,18);
insert into likes(user_id, board_id) values (2 ,19);
insert into likes(user_id, board_id) values (3 ,20);
insert into likes(user_id, board_id) values (4 ,20);
insert into likes(user_id, board_id) values (5 ,20);
insert into likes(user_id, board_id) values (6 ,21);
insert into likes(user_id, board_id) values (7 ,21);
insert into likes(user_id, board_id) values (8 ,21);
insert into likes(user_id, board_id) values (9 ,21);
insert into likes(user_id, board_id) values (10 ,22);
insert into likes(user_id, board_id) values (11 ,22);
insert into likes(user_id, board_id) values (12 ,23);
insert into likes(user_id, board_id) values (13 ,23);
insert into likes(user_id, board_id) values (14 ,23);
insert into likes(user_id, board_id) values (15 ,23);
insert into likes(user_id, board_id) values (16 ,23);
insert into likes(user_id, board_id) values (17 ,24);
insert into likes(user_id, board_id) values (18 ,24);
insert into likes(user_id, board_id) values (19 ,24);
insert into likes(user_id, board_id) values (20 ,24);
insert into likes(user_id, board_id) values (21 ,25);
insert into likes(user_id, board_id) values (22 ,25);
insert into likes(user_id, board_id) values (23 ,25);
insert into likes(user_id, board_id) values (24 ,26);
insert into likes(user_id, board_id) values (25 ,27);
insert into likes(user_id, board_id) values (26 ,28);
insert into likes(user_id, board_id) values (27 ,28);
insert into likes(user_id, board_id) values (1 ,28);
insert into likes(user_id, board_id) values (2 ,29);
insert into likes(user_id, board_id) values (3 ,29);
insert into likes(user_id, board_id) values (4 ,30);
insert into likes(user_id, board_id) values (5 ,30);
insert into likes(user_id, board_id) values (6 ,30);
insert into likes(user_id, board_id) values (7 ,30);
insert into likes(user_id, board_id) values (8 ,30);

-- FoodBank
insert into food_bank(food_bank_id, district, center_type, name, tel, address, detail_address, latitude, longitude)
values (1, '서울특별시 마포구', '푸드뱅크', '전국푸드뱅크', '02-2077-3985', '서울특별시 마포구 만리재로 14', '한국사회복지회관 1201호', 37.5439983,
        126.952885);
insert into food_bank(food_bank_id, district, center_type, name, tel, address, detail_address, latitude, longitude)
values (2, '강원도 강릉시', '푸드뱅크', '강원도광역푸드뱅크', '033-646-0197', '강원도 강릉시 구정면 구정중앙로 158-10', '', 37.713055, 128.8751759);
insert into food_bank(food_bank_id, district, center_type, name, tel, address, detail_address, latitude, longitude)
values (3, '경기도 화성시', '푸드뱅크', '경기광역기부식품등지원센터남부물류창고', '031-294-1377', '경기도 화성시 정남면 괘랑1길 42-30', 'A동', 37.1818666,
        126.9840392);
insert into food_bank(food_bank_id, district, center_type, name, tel, address, detail_address, latitude, longitude)
values (4, '경기도 양주시', '푸드뱅크', '경기광역기부식품등지원센터북부물류창고', '070-4209-9622', '경기도 양주시 칠봉산로 303', '(봉양동)', 37.8598284,
        127.0717092);
insert into food_bank(food_bank_id, district, center_type, name, tel, address, detail_address, latitude, longitude)
values (5, '경기도 수원시 장안구', '푸드뱅크', '경기도광역푸드뱅크', '031-294-1377', '경기도 화성시 정남면 괘랑1길 42-30', '에이동', 37.1818666,
        126.9840392);
insert into food_bank(food_bank_id, district, center_type, name, tel, address, detail_address, latitude, longitude)
values (6, '경상남도 창원시 마산회원구', '푸드뱅크', '경남광역푸드뱅크', '070-4266-1202', '경상남도 김해시 칠산로 128', '(신문동) 경상남도광역기부식품등지원센터',
        35.1850837, 128.835382);
insert into food_bank(food_bank_id, district, center_type, name, tel, address, detail_address, latitude, longitude)
values (7, '경상북도 안동시', '푸드뱅크', '경북광역푸드뱅크', '054-843-8550', '경상북도 안동시 광명로 166', '(옥동)', 36.5622829, 128.7015451);
insert into food_bank(food_bank_id, district, center_type, name, tel, address, detail_address, latitude, longitude)
values (8, '광주광역시 서구', '푸드뱅크', '광주광역시푸드뱅크', '062-351-2114', '광주광역시 북구 천변우로 40(임동)', '광주사회복지회관', 35.1670504,
        126.8863461);
insert into food_bank(food_bank_id, district, center_type, name, tel, address, detail_address, latitude, longitude)
values (9, '대구광역시 남구', '푸드뱅크', '대구시광역푸드뱅크', '053-474-1377', '대구 남구 봉덕동', '1019', 35.8292888, 128.595772);
insert into food_bank(food_bank_id, district, center_type, name, tel, address, detail_address, latitude, longitude)
values (10, '대전광역시 중구', '푸드뱅크', '대전광역푸드뱅크', '042-525-1378', '대전광역시 중구 보문로 246', '대림빌딩 805호(대흥동)', 36.3246077,
        127.4228701);
insert into food_bank(food_bank_id, district, center_type, name, tel, address, detail_address, latitude, longitude)
values (11, '부산광역시 연제구', '푸드뱅크', '부산시광역푸드뱅크', '051-791-1377', '부산광역시 연제구 법원남로16번길 27', '(거제동) 901호', 35.1919126,
        129.0751983);
insert into food_bank(food_bank_id, district, center_type, name, tel, address, detail_address, latitude, longitude)
values (12, '서울특별시 성동구', '푸드뱅크', '서울시광역푸드뱅크', '02-905-1377', '서울특별시 성동구 자동차시장3길 64', '(용답동, 중랑물재생센터)', 37.5598567,
        127.0629015);
insert into food_bank(food_bank_id, district, center_type, name, tel, address, detail_address, latitude, longitude)
values (13, '', '푸드뱅크', '세종광역푸드뱅크', '044-868-1311', '세종특별자치시 조치원읍 터미널안길 60', '6-2호', 36.6014999, 127.3030563);
insert into food_bank(food_bank_id, district, center_type, name, tel, address, detail_address, latitude, longitude)
values (15, '울산광역시 중구', '푸드뱅크', '울산광역푸드뱅크', '052-285-1378', '울산광역시 중구 염포로 85', '(남외동,동천체육관)', 35.5621385, 129.350698);
insert into food_bank(food_bank_id, district, center_type, name, tel, address, detail_address, latitude, longitude)
values (16, '인천광역시 서구', '푸드뱅크', '인천광역시기부식품등지원센터', '032-891-1377', '인천광역시 서구 가정로87번길 7', '(가좌동) 1층', 37.492424,
        126.6704525);
insert into food_bank(food_bank_id, district, center_type, name, tel, address, detail_address, latitude, longitude)
values (17, '전라남도 무안군', '푸드뱅크', '전남광역푸드뱅크', '061-283-1477', '전라남도 무안군 삼향읍 오룡3길 22', '1층 전남사회복지협의회', 34.8169036,
        126.4577083);
insert into food_bank(food_bank_id, district, center_type, name, tel, address, detail_address, latitude, longitude)
values (18, '전라북도 전주시 덕진구', '푸드뱅크', '전북광역푸드뱅크', '063-224-1861', '전라북도 전주시 덕진구 전주천동로 483',
        '(금암동) 전북사회복지회관 3층 전라북도사회복지협의회', 35.8361313, 127.1294406);
insert into food_bank(food_bank_id, district, center_type, name, tel, address, detail_address, latitude, longitude)
values (19, '제주특별자치도 제주시', '푸드뱅크', '제주특별자치도푸드뱅크', '064-759-1377', '제주특별자치도 제주시 청풍남8길 12-1', '(화북일동) 제주특별자치도사회복지협의회',
        33.5182402, 126.5704383);
insert into food_bank(food_bank_id, district, center_type, name, tel, address, detail_address, latitude, longitude)
values (20, '충청남도 홍성군', '푸드뱅크', '충남광역푸드뱅크', '041-634-0875', '충청남도 홍성군 홍북읍 상하천로 50', '충남보훈회관 1층', 36.6549611,
        126.6773939);
insert into food_bank(food_bank_id, district, center_type, name, tel, address, detail_address, latitude, longitude)
values (21, '충청북도 청주시 흥덕구', '푸드뱅크', '충북광역푸드뱅크', '043-234-0840', '충청북도 청주시 흥덕구 공단로 87', '충북종합사회복지센터 302호', 36.6393409,
        127.4394387);
insert into food_bank(food_bank_id, district, center_type, name, tel, address, detail_address, latitude, longitude)
values (22, '전라남도 신안군', '푸드뱅크', '1004섬신안기초푸드뱅크', '061-278-1129', '전라남도 신안군 압해읍 구항길 92-58', '', 34.8522229, 126.3145292);
insert into food_bank(food_bank_id, district, center_type, name, tel, address, detail_address, latitude, longitude)
values (23, '경기도 가평군', '푸드뱅크', '가평군푸드뱅크', '031-581-2727', '경기도 가평군 가평읍 달전로 44', '1층(달전리)', 37.8142698, 127.5180563);
insert into food_bank(food_bank_id, district, center_type, name, tel, address, detail_address, latitude, longitude)
values (24, '서울특별시 강남구', '푸드마켓', '강남푸드지원센터', '02-556-3266', '서울특별시 강남구 개포로 652', '(일원동)', 37.4948888, 127.0840801);
insert into food_bank(food_bank_id, district, center_type, name, tel, address, detail_address, latitude, longitude)
values (25, '서울특별시 강동구', '푸드마켓', '강동구 푸드뱅크마켓센터', '02-427-1377', '서울특별시 강동구 동남로 926', '(고덕동)', 37.5581403, 127.1568238);
insert into food_bank(food_bank_id, district, center_type, name, tel, address, detail_address, latitude, longitude)
values (26, '강원도 강릉시', '푸드뱅크', '강릉자유푸드뱅크', '033-644-8831', '강원도 강릉시 범일로 663', '(내곡동)2층', 37.7454763, 128.8846935);
insert into food_bank(food_bank_id, district, center_type, name, tel, address, detail_address, latitude, longitude)
values (27, '강원도 강릉시', '푸드뱅크', '강릉푸드뱅크', '033-643-1377', '강원도 강릉시 종합운동장길 69', 'B110호 (교동)', 37.7731778, 128.8974154);
insert into food_bank(food_bank_id, district, center_type, name, tel, address, detail_address, latitude, longitude)
values (28, '서울특별시 강북구', '푸드마켓', '강북잇다푸드뱅크마켓센터', '02-991-1377', '서울특별시 강북구 한천로148길 12-13', '103동 204호 (수유동, 칸타빌 수유팰리스)',
        37.6425498, 127.0242649);
insert into food_bank(food_bank_id, district, center_type, name, tel, address, detail_address, latitude, longitude)
values (29, '부산광역시 강서구', '푸드마켓', '강서구둥지푸드마켓', '051-711-1378', '부산광역시 강서구 공항로 1207', '(대저1동)', 35.2081739, 128.9807789);
insert into food_bank(food_bank_id, district, center_type, name, tel, address, detail_address, latitude, longitude)
values (30, '부산광역시 강서구', '푸드뱅크', '강서구푸드뱅크', '051-271-0561', '부산 강서구 명지동', '627-28', 35.106961, 128.9138659);
insert into food_bank(food_bank_id, district, center_type, name, tel, address, detail_address, latitude, longitude)
values (31, '서울특별시 강서구', '푸드마켓', '강서푸드뱅크·마켓', '02-2635-1377', '서울특별시 강서구 공항대로2가길 5', '(공항동) 통합복지센터 내 1층', 37.5603655,
        126.808953);
insert into food_bank(food_bank_id, district, center_type, name, tel, address, detail_address, latitude, longitude)
values (32, '전라남도 강진군', '푸드뱅크', '강진군푸드뱅크', '061-434-7002', '전라남도 강진군 군동면 백금포길 7', '강진군지역자활센터', 34.6422481, 126.7841768);
insert into food_bank(food_bank_id, district, center_type, name, tel, address, detail_address, latitude, longitude)
values (33, '인천광역시 강화군', '푸드뱅크', '강화군푸드뱅크', '032-932-1378', '인천광역시 강화군 강화읍 향나무길22번길 12', '', 37.7471946, 126.4777975);
insert into food_bank(food_bank_id, district, center_type, name, tel, address, detail_address, latitude, longitude)
values (34, '인천광역시 강화군', '푸드마켓', '강화푸드마켓', '032-934-0808', '인천광역시 강화군 강화읍 향나무길22번길 12', '', 37.7471946, 126.4777975);
insert into food_bank(food_bank_id, district, center_type, name, tel, address, detail_address, latitude, longitude)
values (35, '경상남도 거제시', '푸드뱅크', '거제시푸드뱅크', '055-632-0400', '경상남도 거제시 고현로2길 42', '(고현동)', 34.8823262, 128.6228952);
insert into food_bank(food_bank_id, district, center_type, name, tel, address, detail_address, latitude, longitude)
values (36, '경상남도 거창군', '푸드뱅크', '거창푸드뱅크', '055-942-7934', '경남 거창군 마리면 하고리', '68번지', 35.681329, 127.8674618);
insert into food_bank(food_bank_id, district, center_type, name, tel, address, detail_address, latitude, longitude)
values (37, '경상북도 포항시 남구', '푸드뱅크', '경동푸드뱅크', '054-293-1378', '경상북도 포항시 남구 오천읍 해병로347번길 34', '1층 경동푸드뱅크', 35.9631843,
        129.4135907);
insert into food_bank(food_bank_id, district, center_type, name, tel, address, detail_address, latitude, longitude)
values (38, '경상북도 경산시', '푸드뱅크', '경산시푸드뱅크', '053-802-1377', '경상북도 경산시 경청로222길 79', '경산시노인종합복지관 (백천동)', 35.8014452,
        128.7477728);
insert into food_bank(food_bank_id, district, center_type, name, tel, address, detail_address, latitude, longitude)
values (39, '경상북도 경산시', '푸드마켓', '경산푸드마켓', '053-802-1377', '경상북도 경산시 경청로219길 3-2', '(백천동) 경산푸드마켓', 35.8029758,
        128.7375182);
insert into food_bank(food_bank_id, district, center_type, name, tel, address, detail_address, latitude, longitude)
values (40, '경상북도 경주시', '푸드뱅크', '경주시푸드뱅크', '054-771-8107', '경북 경주시 용강동', '1283번지 (경주시종합사회복지관내)', 35.871783,
        129.2322561);
insert into food_bank(food_bank_id, district, center_type, name, tel, address, detail_address, latitude, longitude)
values (41, '충청남도 계룡시', '푸드뱅크', '계룡시사랑나눔푸드뱅크', '042-551-9191', '충청남도 계룡시 계룡대로 320', '(금암동)', 36.274636, 127.2557457);
insert into food_bank(food_bank_id, district, center_type, name, tel, address, detail_address, latitude, longitude)
values (42, '인천광역시 계양구', '푸드마켓', '계양구푸드마켓', '032-551-1377', '인천광역시 계양구 계양대로 126', '(작전동) 계양구의회건물1층', 37.5351172,
        126.7229564);
insert into food_bank(food_bank_id, district, center_type, name, tel, address, detail_address, latitude, longitude)
values (43, '인천광역시 계양구', '푸드뱅크', '계양구푸드뱅크', '032-555-1377', '인천광역시 계양구 계양대로 126', '(작전동) 계양구의회 건물 1층', 37.5351172,
        126.7229564);
insert into food_bank(food_bank_id, district, center_type, name, tel, address, detail_address, latitude, longitude)
values (44, '경상남도 고성군', '푸드뱅크', '고성군푸드뱅크', '055-672-5528', '경상남도 고성군 고성읍 죽계1길 95-1', '', 34.986229, 128.3322298);
insert into food_bank(food_bank_id, district, center_type, name, tel, address, detail_address, latitude, longitude)
values (45, '강원도 고성군', '푸드뱅크', '고성푸드뱅크사랑나눔센터', '033-681-1376', '강원도 고성군 거진읍 태봉2길 24', '', 38.4502562, 128.452438);
insert into food_bank(food_bank_id, district, center_type, name, tel, address, detail_address, latitude, longitude)
values (46, '경기도 고양시 일산서구', '푸드뱅크', '고양시문촌7푸드뱅크', '031-916-4071', '경기 고양시 일산서구 킨텍스로 340', '(주엽동, 고양시문촌7종합사회복지관)',
        37.6746531, 126.7562877);
insert into food_bank(food_bank_id, district, center_type, name, tel, address, detail_address, latitude, longitude)
values (47, '경기도 고양시 일산서구', '푸드뱅크', '고양시문촌9푸드뱅크', '031-917-0202', '경기도 고양시 일산서구 주엽로 156', '(주엽동, 고양시문촌9종합사회복지관)',
        37.6722735, 126.7609964);
insert into food_bank(food_bank_id, district, center_type, name, tel, address, detail_address, latitude, longitude)
values (48, '경기도 고양시 일산동구', '푸드마켓', '고양시한아름푸드마켓', '031-902-1377', '경기도 고양시 일산동구 호수로446번길 55', '(백석동)', 37.6460196,
        126.7801158);
insert into food_bank(food_bank_id, district, center_type, name, tel, address, detail_address, latitude, longitude)
values (49, '경기도 고양시 일산동구', '푸드뱅크', '고양시흰돌기초푸드뱅크', '031-905-3400', '경기도 고양시 일산동구 호수로446번길 55', '1층 (백석동)', 37.6460196,
        126.7801158);
insert into food_bank(food_bank_id, district, center_type, name, tel, address, detail_address, latitude, longitude)
values (50, '전라북도 고창군', '푸드뱅크', '고창군기초푸드뱅크', '063-561-2350', '전라북도 고창군 모양성로 116-13 고창행복원', '(석교리)', 35.4420396,
        126.699759);
insert into food_bank(food_bank_id, district, center_type, name, tel, address, detail_address, latitude, longitude)
values (51, '전라북도 고창군', '푸드마켓', '고창푸드마켓', '063-561-1378', '전라북도 고창군 전봉준로 96 푸드마켓(고창읍 율계리)', '고창푸드마켓', 35.4465795,
        126.6840741);
insert into food_bank(food_bank_id, district, center_type, name, tel, address, detail_address, latitude, longitude)
values (52, '전라남도 고흥군', '푸드뱅크', '고흥군푸드뱅크', '061-832-2500', '전라남도 고흥군 고흥읍 신계학림길 39', '1층', 34.6136936, 127.2881401);
insert into food_bank(food_bank_id, district, center_type, name, tel, address, detail_address, latitude, longitude)
values (53, '전라남도 곡성군', '푸드뱅크', '곡성군푸드뱅크', '061-363-2171', '전남 곡성군 곡성읍 읍내19길', '8', 35.2828772, 127.2959175);
insert into food_bank(food_bank_id, district, center_type, name, tel, address, detail_address, latitude, longitude)
values (54, '충청남도 공주시', '푸드뱅크', '공주기초푸드뱅크', '041-857-6004', '충청남도 공주시 신기동길 48-8', '(신기동)', 36.4305583, 127.1441799);
insert into food_bank(food_bank_id, district, center_type, name, tel, address, detail_address, latitude, longitude)
values (55, '충청북도 음성군', '푸드뱅크', '관성푸드뱅크', '043-877-9457', '충청북도 음성군 삼성면 대성로547번길 12', '', 37.0139148, 127.4941699);
insert into food_bank(food_bank_id, district, center_type, name, tel, address, detail_address, latitude, longitude)
values (56, '서울특별시 관악구', '푸드마켓', '관악푸드뱅크마켓', '02-872-1377', '서울특별시 관악구 신림로58길 13', '(신림동) 다이아몬드빌딩 501호', 37.4826138,
        126.9306556);
insert into food_bank(food_bank_id, district, center_type, name, tel, address, detail_address, latitude, longitude)
values (57, '경기도 광명시', '푸드마켓', '광명시푸드뱅크마켓센터', '02-2688-1377', '경기도 광명시 광삼로 9', '1층 (광명동)', 37.4781775, 126.8601198);
insert into food_bank(food_bank_id, district, center_type, name, tel, address, detail_address, latitude, longitude)
values (58, '전라남도 광양시', '푸드뱅크', '광양시푸드뱅크', '061-762-9894', '전라남도 광양시 광양읍 인덕로 977', '2층 201호', 34.9697099, 127.5812175);
insert into food_bank(food_bank_id, district, center_type, name, tel, address, detail_address, latitude, longitude)
values (59, '경기도 광주시', '푸드뱅크', '광주시중앙푸드뱅크&푸드마켓', '031-766-1377', '경기도 광주시 고불로 40-11', '(중대동)', 37.3943458, 127.2328217);
insert into food_bank(food_bank_id, district, center_type, name, tel, address, detail_address, latitude, longitude)
values (60, '경기도 광주시', '푸드뱅크', '광주시참사랑푸드뱅크', '031-8028-8906', '경기도 광주시 광주대로 11-3', '한솔빌딩 1층 (역동)', 37.4075195,
        127.2603439);
insert into food_bank(food_bank_id, district, center_type, name, tel, address, detail_address, latitude, longitude)
values (61, '서울특별시 광진구', '푸드마켓', '광진푸드뱅크마켓센터', '02-499-1377', '서울 광진구 화양동', '132-68', 37.5432534, 127.07341);
insert into food_bank(food_bank_id, district, center_type, name, tel, address, detail_address, latitude, longitude)
values (62, '충청북도 괴산군', '푸드마켓', '괴산군푸드마켓', '043-834-1377', '충북 괴산군 괴산읍', '괴강로 15', 36.8271274, 127.805149);
insert into food_bank(food_bank_id, district, center_type, name, tel, address, detail_address, latitude, longitude)
values (63, '충청북도 괴산군', '푸드뱅크', '괴산군푸드뱅크', '043-834-1377', '충청북도 괴산군 괴산읍 괴강로 15', '', 36.8096326, 127.7960465);
insert into food_bank(food_bank_id, district, center_type, name, tel, address, detail_address, latitude, longitude)
values (64, '충청북도 괴산군', '푸드뱅크', '괴산나눔과기쁨푸드뱅크', '043-832-3197', '충북 괴산군 괴산읍 정용리', '83-13', 36.8173567, 127.7640502);
insert into food_bank(food_bank_id, district, center_type, name, tel, address, detail_address, latitude, longitude)
values (65, '전라남도 구례군', '푸드뱅크', '구례군 다빈푸드뱅크', '061-781-7970', '전라남도 구례군 구례읍 구례로 508', '구례종합사회복지관 1층', 35.2064611,
        127.4701719);
insert into food_bank(food_bank_id, district, center_type, name, tel, address, detail_address, latitude, longitude)
values (66, '서울특별시 구로구', '푸드마켓', '구로구 푸드뱅크마켓센터', '02-869-1378', '서울특별시 구로구 구로동로50길 10', '(구로동)', 37.4992927,
        126.882987);
insert into food_bank(food_bank_id, district, center_type, name, tel, address, detail_address, latitude, longitude)
values (67, '경기도 구리시', '푸드뱅크', '구리사랑나눔푸드뱅크', '031-555-1243', '경기도 구리시 벌말로 170', '1층(토평동)', 37.5915713, 127.1501123);
insert into food_bank(food_bank_id, district, center_type, name, tel, address, detail_address, latitude, longitude)
values (68, '경기도 구리시', '푸드뱅크', '구리시푸드뱅크', '031-556-8100', '경기도 구리시 벌말로129번길 50', '(토평동)', 37.5893175, 127.1465274);
insert into food_bank(food_bank_id, district, center_type, name, tel, address, detail_address, latitude, longitude)
values (69, '경상북도 구미시', '푸드뱅크', '구미사랑나눔푸드뱅크', '054-441-1377', '경상북도 구미시 봉곡동로2길 4', '(봉곡동)', 36.1510587, 128.3153424);
insert into food_bank(food_bank_id, district, center_type, name, tel, address, detail_address, latitude, longitude)
values (70, '경상북도 구미시', '푸드뱅크', '구미시푸드뱅크', '054-458-0230', '경상북도 구미시 문장로 110(도량동)', '금오종합사회복지관', 36.1433804,
        128.3324311);
insert into food_bank(food_bank_id, district, center_type, name, tel, address, detail_address, latitude, longitude)
values (71, '경상북도 구미시', '푸드마켓', '구미푸드마켓', '054-443-1377', '경상북도 구미시 문장로 110', '(도량동)', 36.1433804, 128.3324311);
insert into food_bank(food_bank_id, district, center_type, name, tel, address, detail_address, latitude, longitude)
values (72, '전라북도 군산시', '푸드뱅크', '군산시기초푸드뱅크', '063-461-6555', '전라북도 군산시 칠성로 59', '', 35.9601438, 126.6781733);
insert into food_bank(food_bank_id, district, center_type, name, tel, address, detail_address, latitude, longitude)
values (73, '경기도 군포시', '푸드뱅크', '군포기초푸드뱅크', '031-397-2054', '경기도 군포시 오금로 102', '1층(금정동)', 37.3570771, 126.937817);
insert into food_bank(food_bank_id, district, center_type, name, tel, address, detail_address, latitude, longitude)
values (74, '경상북도 김천시', '푸드뱅크', '글로벌희망나누리푸드뱅크', '054-432-6009', '경상북도 김천시 지좌길 13-3', '(지좌동)104호', 36.1208387,
        128.1434189);
insert into food_bank(food_bank_id, district, center_type, name, tel, address, detail_address, latitude, longitude)
values (75, '충청남도 금산군', '푸드뱅크', '금산군푸드뱅크', '041-752-7942', '충청남도 금산군 일흔이재로 112( 내부리)', '112', 36.1325372, 127.5112433);
insert into food_bank(food_bank_id, district, center_type, name, tel, address, detail_address, latitude, longitude)
values (76, '부산광역시 금정구', '푸드뱅크', '금정구푸드뱅크', '051-508-1997', '부산광역시 금정구 중앙대로2349번길 3', '(노포동)', 35.2949828, 129.0996605);
insert into food_bank(food_bank_id, district, center_type, name, tel, address, detail_address, latitude, longitude)
values (77, '서울특별시 금천구', '푸드마켓', '금천구푸드뱅크마켓센터', '02-3286-1377', '서울특별시 금천구 탑골로 35', '신축건물 1층  (시흥동)', 37.4520945,
        126.913099);
insert into food_bank(food_bank_id, district, center_type, name, tel, address, detail_address, latitude, longitude)
values (78, '서울특별시 금천구', '푸드뱅크', '금천행복푸드뱅크', '02-808-1671', '서울특별시 금천구 시흥대로 97', '(시흥동)BB10호', 37.4433312, 126.9016433);
insert into food_bank(food_bank_id, district, center_type, name, tel, address, detail_address, latitude, longitude)
values (79, '부산광역시 기장군', '푸드뱅크', '기장군푸드뱅크', '051-724-3457', '부산광역시 기장군 기장읍 차성로288번길 27', '2층 기장지역자활센터', 35.2432715,
        129.2151483);
insert into food_bank(food_bank_id, district, center_type, name, tel, address, detail_address, latitude, longitude)
values (80, '부산광역시 기장군', '푸드마켓', '기장푸드마켓', '051-722-4006', '부산광역시 기장군 기장읍 대청로21번길 9', '', 35.2383728, 129.2123915);
insert into food_bank(food_bank_id, district, center_type, name, tel, address, detail_address, latitude, longitude)
values (81, '전라북도 김제시', '푸드뱅크', '김제시기초푸드뱅크', '063-543-1377', '전라북도 김제시 금성로 93', '(신풍동)', 35.7996447, 126.9004449);
insert into food_bank(food_bank_id, district, center_type, name, tel, address, detail_address, latitude, longitude)
values (82, '전라북도 김제시', '푸드마켓', '김제지평선푸드마켓', '063-543-1377', '전라북도 김제시 금성로 93', '(신풍동)', 35.7996447, 126.9004449);
insert into food_bank(food_bank_id, district, center_type, name, tel, address, detail_address, latitude, longitude)
values (83, '경상북도 김천시', '푸드뱅크', '김천시푸드뱅크', '054-439-2191', '경상북도 김천시 모암길 3', '(용두동)', 36.1210413, 128.1274864);
insert into food_bank(food_bank_id, district, center_type, name, tel, address, detail_address, latitude, longitude)
values (84, '경기도 김포시', '푸드뱅크', '김포시푸드뱅크', '031-996-1377', '경기도 김포시 북변중로65번길 4-8', '(북변동)', 37.626413, 126.7088391);
insert into food_bank(food_bank_id, district, center_type, name, tel, address, detail_address, latitude, longitude)
values (85, '경기도 김포시', '푸드뱅크', '김포한강푸드뱅크', '031-997-1370', '경기도 김포시 하성면 월하로 762', '(마곡리)', 37.7103519, 126.6393439);
insert into food_bank(food_bank_id, district, center_type, name, tel, address, detail_address, latitude, longitude)
values (86, '경상남도 김해시', '푸드뱅크', '김해시나누미푸드뱅크', '055-311-9745', '경상남도 김해시 평전로 3', '(외동, 주공아파트) 103동 106호', 35.2342017,
        128.8499506);
insert into food_bank(food_bank_id, district, center_type, name, tel, address, detail_address, latitude, longitude)
values (87, '경상남도 김해시', '푸드마켓', '김해시푸드마켓', '055-328-1377', '경상남도 김해시 김해대로 2232', '김해시외버스터미널 4층', 35.229131, 128.872148);
insert into food_bank(food_bank_id, district, center_type, name, tel, address, detail_address, latitude, longitude)
values (88, '경상남도 김해시', '푸드뱅크', '김해시푸드뱅크', '055-324-4179', '경남 김해시 부원동', '27번지', 35.2246561, 128.8877064);
insert into food_bank(food_bank_id, district, center_type, name, tel, address, detail_address, latitude, longitude)
values (89, '경기도 의정부시', '푸드뱅크', '나누리푸드뱅크', '031-826-0778', '경기도 의정부시 흥선로24번길 10', '(가능동)', 37.7458739, 127.0305109);
insert into food_bank(food_bank_id, district, center_type, name, tel, address, detail_address, latitude, longitude)
values (90, '대전광역시 동구', '푸드뱅크', '나누미푸드뱅크', '042-623-5060', '대전광역시 동구 태전로174번안길 20', '(삼성동)1층', 36.3437885, 127.4185428);
insert into food_bank(food_bank_id, district, center_type, name, tel, address, detail_address, latitude, longitude)
values (91, '서울특별시 강동구', '푸드마켓', '나눔과기쁨 푸드마켓, 푸드뱅크', '02-428-5182', '서울특별시 강동구 천중로15가길 4', '(천호동, 민통빌딩)103호', 37.545402,
        127.1287674);
insert into food_bank(food_bank_id, district, center_type, name, tel, address, detail_address, latitude, longitude)
values (92, '서울특별시 송파구', '푸드뱅크', '나눔과기쁨203지회푸드뱅크', '1544-9509', '서울특별시 송파구 마천로31길 22 원인통상(주)(마천동)', '', 37.5024003,
        127.1437661);
insert into food_bank(food_bank_id, district, center_type, name, tel, address, detail_address, latitude, longitude)
values (93, '울산광역시 북구', '푸드뱅크', '나눔과기쁨울산푸드뱅크', '052-289-9543', '울산광역시 북구 송내11길 12', '(화봉동)', 35.5910452, 129.3624286);
insert into food_bank(food_bank_id, district, center_type, name, tel, address, detail_address, latitude, longitude)
values (94, '전라남도 나주시', '푸드뱅크', '나주시푸드뱅크', '061-334-7727', '전라남도 나주시 가마태길 38', '(용산동, 용산주공아파트)', 34.9936664,
        126.7210693);
insert into food_bank(food_bank_id, district, center_type, name, tel, address, detail_address, latitude, longitude)
values (95, '광주광역시 남구', '푸드뱅크', '남구기초푸드뱅크', '062-673-1377', '광주광역시 남구 용대로 91', '(봉선동)', 35.1248205, 126.9177446);
insert into food_bank(food_bank_id, district, center_type, name, tel, address, detail_address, latitude, longitude)
values (96, '울산광역시 남구', '푸드뱅크', '남구나눔푸드뱅크', '052-257-1377', '울산광역시 남구 봉월로50번길 45(신정동)', '울산광역시나눔푸드마켓', 35.5382467,
        129.3105662);
insert into food_bank(food_bank_id, district, center_type, name, tel, address, detail_address, latitude, longitude)
values (97, '대구광역시 남구', '푸드뱅크', '남구대명기초푸드뱅크', '053-657-1170', '대구광역시 남구 양지로 8', '(대명동)', 35.8509303, 128.5741204);
insert into food_bank(food_bank_id, district, center_type, name, tel, address, detail_address, latitude, longitude)
values (98, '부산광역시 남구', '푸드마켓', '남구동행푸드마켓', '051-638-1377', '부산광역시 남구 못골로53번길 12-20', '(대연동)', 35.1364198, 129.0887362);
insert into food_bank(food_bank_id, district, center_type, name, tel, address, detail_address, latitude, longitude)
values (99, '울산광역시 남구', '푸드뱅크', '남구푸드뱅크', '052-274-1337', '울산광역시 남구 산업로325번길 34', '(선암동)', 35.5128899, 129.3352958);
insert into food_bank(food_bank_id, district, center_type, name, tel, address, detail_address, latitude, longitude)
values (100, '부산광역시 남구', '푸드뱅크', '남구푸드뱅크', '051-647-3655', '부산광역시 남구 동제당로 258', '(우암동)', 35.1273239, 129.0744781);
insert into food_bank(food_bank_id, district, center_type, name, tel, address, detail_address, latitude, longitude)
values (101, '인천광역시 남동구', '푸드뱅크', '남동구새희망푸드뱅크', '032-437-1377', '인천광역시 남동구 문화로115번길 52', '102호 (구월동)', 37.4497836,
        126.6965075);
insert into food_bank(food_bank_id, district, center_type, name, tel, address, detail_address, latitude, longitude)
values (102, '인천광역시 남동구', '푸드마켓', '남동구푸드마켓1호점', '032-463-1377', '인천광역시 남동구 인주대로 854', '(만수동) 1층 푸드마켓', 37.4481293,
        126.7321888);
insert into food_bank(food_bank_id, district, center_type, name, tel, address, detail_address, latitude, longitude)
values (103, '인천광역시 남동구', '푸드마켓', '남동구푸드마켓2호점', '032-431-1377', '인천광역시 남동구 구월로137번길 59', '(간석동) 가나빌딩 1층', 37.4595535,
        126.7053951);
insert into food_bank(food_bank_id, district, center_type, name, tel, address, detail_address, latitude, longitude)
values (104, '인천광역시 남동구', '푸드뱅크', '남동구푸드뱅크', '032-469-1377', '인천광역시 남동구 인주대로 854', '(만수동, 식품영양복지지원센터 4층)', 37.4481293,
        126.7321888);
insert into food_bank(food_bank_id, district, center_type, name, tel, address, detail_address, latitude, longitude)
values (105, '경기도 남양주시', '푸드뱅크', '남양주푸드뱅크', '031-564-1377', '경기도 남양주시 금곡로 11-6', '2층 (금곡동)', 37.6337598, 127.2044668);
insert into food_bank(food_bank_id, district, center_type, name, tel, address, detail_address, latitude, longitude)
values (106, '전라북도 남원시', '푸드뱅크', '남원시기초푸드뱅크', '063-632-5252', '전라북도 남원시 노송로 1255-9', '(노암동, 주공아파트) 남원사회복지관 본관',
        35.3958069, 127.3773292);
insert into food_bank(food_bank_id, district, center_type, name, tel, address, detail_address, latitude, longitude)
values (107, '전라북도 남원시', '푸드뱅크', '남원시사회복지협의회기초푸드뱅크', '063-631-0133', '전라북도 남원시 요천로 1531', '(죽항동) 초록빌 1층', 35.4070721,
        127.387168);
insert into food_bank(food_bank_id, district, center_type, name, tel, address, detail_address, latitude, longitude)
values (108, '경상남도 남해군', '푸드뱅크', '남해군푸드뱅크', '055-860-3883', '경남 남해군 남해읍 아산리', '355 종합사회복지관 내 1층 자원봉사센터', 34.8463865,
        127.8743191);
insert into food_bank(food_bank_id, district, center_type, name, tel, address, detail_address, latitude, longitude)
values (109, '경상북도 포항시 북구', '푸드뱅크', '내일을여는집포항기초푸드뱅크', '054-244-1377', '경상북도 포항시 북구 삼흥로35번길 1-4', '(장성동)', 36.0651737,
        129.3783509);
insert into food_bank(food_bank_id, district, center_type, name, tel, address, detail_address, latitude, longitude)
values (110, '서울특별시 노원구', '푸드마켓', '노원구 푸드뱅크마켓센터', '02-975-1277', '서울특별시 노원구 동일로 1229 노원구민회관(중계동)', 'B1층', 37.6396945,
        127.0657758);
insert into food_bank(food_bank_id, district, center_type, name, tel, address, detail_address, latitude, longitude)
values (111, '충청남도 논산시', '푸드마켓', '논산사랑푸드마켓', '070-4177-1377', '충청남도 논산시 관촉로277번길 23-13', '(취암동) 행복드림센터  1층', 36.202699,
        127.090777);
insert into food_bank(food_bank_id, district, center_type, name, tel, address, detail_address, latitude, longitude)
values (112, '충청남도 논산시', '푸드뱅크', '논산사랑푸드뱅크', '041-736-1004', '충청남도 논산시 생뫼길 14(강산동)', '.', 36.1878935, 127.0902487);
insert into food_bank(food_bank_id, district, center_type, name, tel, address, detail_address, latitude, longitude)
values (113, '경기도 광주시', '푸드뱅크', '늘만나푸드뱅크', '031-764-0091', '경기도 광주시 곤지암읍 곤지암로11번길 8', '205호(곤지암리)', 37.3483849,
        127.3448745);
insert into food_bank(food_bank_id, district, center_type, name, tel, address, detail_address, latitude, longitude)
values (114, '충청북도 단양군', '푸드뱅크', '단양군기초푸드뱅크', '043-422-1299', '충청북도 단양군 단양읍 수변로 83', '3층', 36.9828187, 128.3706591);
insert into food_bank(food_bank_id, district, center_type, name, tel, address, detail_address, latitude, longitude)
values (115, '충청북도 단양군', '푸드마켓', '단양군푸드마켓', '043-422-1700', '충북 단양군 단양읍 도전리', '632번지', 36.9796571, 128.3675653);
insert into food_bank(food_bank_id, district, center_type, name, tel, address, detail_address, latitude, longitude)
values (116, '충청북도 단양군', '푸드뱅크', '단양나눔과기쁨푸드뱅크', '043-421-3191', '충북 단양군 대강면 장림리', '149-2', 36.9283095, 128.3544516);
insert into food_bank(food_bank_id, district, center_type, name, tel, address, detail_address, latitude, longitude)
values (117, '대구광역시 달서구', '푸드뱅크', '달서구본동푸드뱅크', '053-639-1377', '대구광역시 달서구 송현로 113', '(송현동, 본동주공1차아파트) ', 35.8280013,
        128.5432545);
insert into food_bank(food_bank_id, district, center_type, name, tel, address, detail_address, latitude, longitude)
values (118, '대구광역시 달서구', '푸드뱅크', '달서구성서푸드뱅크', '053-582-1376', '대구광역시 달서구 신당로 56', '(신당동, 성서주공1단지아파트)', 35.8524866,
        128.4978659);
insert into food_bank(food_bank_id, district, center_type, name, tel, address, detail_address, latitude, longitude)
values (119, '대구광역시 달서구', '푸드마켓', '달서구푸드마켓', '053-636-1377', '대구 달서구 송현2동', '977-2번지', 35.8310812, 128.5483319);
insert into food_bank(food_bank_id, district, center_type, name, tel, address, detail_address, latitude, longitude)
values (120, '대구광역시 달성군', '푸드뱅크', '달성군푸드뱅크', '053-615-9191', '대구 달성군 논공읍 북리', '1-104', 35.7299372, 128.454907);
insert into food_bank(food_bank_id, district, center_type, name, tel, address, detail_address, latitude, longitude)
values (121, '대구광역시 달성군', '푸드마켓', '달성푸드마켓다사점', '053-588-1375', '대구 달성군 다사읍 매곡리', '-134561', 35.860836, 128.4577779);
insert into food_bank(food_bank_id, district, center_type, name, tel, address, detail_address, latitude, longitude)
values (122, '전라남도 담양군', '푸드뱅크', '담양군기초푸드뱅크', '061-381-1376', '전라남도 담양군 담양읍 죽향문화로 431-33', '', 35.3335084, 126.9950598);
insert into food_bank(food_bank_id, district, center_type, name, tel, address, detail_address, latitude, longitude)
values (123, '충청남도 당진시', '푸드뱅크', '당진시나눔푸드뱅크', '041-355-5700', '충청남도 당진시 북문길 1-12', '외 5필지', 36.8948467, 126.62919);
insert into food_bank(food_bank_id, district, center_type, name, tel, address, detail_address, latitude, longitude)
values (124, '대구광역시 중구', '푸드뱅크', '대구나눔과기쁨 푸드뱅크', '053-475-6960', '대구광역시 중구 달구벌대로 2034', '(남산동)811호', 35.8653247,
        128.58628);
insert into food_bank(food_bank_id, district, center_type, name, tel, address, detail_address, latitude, longitude)
values (125, '대구광역시 남구', '푸드마켓', '대구남구늘해랑푸드마켓', '053-473-1377', '대구 남구 봉덕1동', '739-1', 35.8466234, 128.5979026);
insert into food_bank(food_bank_id, district, center_type, name, tel, address, detail_address, latitude, longitude)
values (126, '대전광역시 대덕구', '푸드뱅크', '대덕나누리푸드뱅크', '042-369-0191', '대전광역시 대덕구 대전로1032번길 51', '(오정동) 103동', 36.3488651,
        127.4194867);
insert into food_bank(food_bank_id, district, center_type, name, tel, address, detail_address, latitude, longitude)
values (127, '대전광역시 유성구', '푸드뱅크', '대전가톨릭농수산물지원센터(푸드뱅크)', '042-822-7986', '대전광역시 유성구 노은동로 33',
        '(노은동) 노은농수산물도매시장 3문 경사로 옆', 36.3651666, 127.3201782);
insert into food_bank(food_bank_id, district, center_type, name, tel, address, detail_address, latitude, longitude)
values (128, '대전광역시 중구', '푸드뱅크', '대전사랑의먹거리나눔운동본부(푸드뱅크)', '042-242-2700', '대전광역시 중구 문창로 39', '(부사동)', 36.3169777,
        127.4345924);
insert into food_bank(food_bank_id, district, center_type, name, tel, address, detail_address, latitude, longitude)
values (129, '대전광역시 서구', '푸드마켓', '대전행복나눔무지개푸드마켓1호점', '042-488-1370', '대전광역시 서구 계룡로219번길 17', '(월평동)', 36.3522713,
        127.3536274);
insert into food_bank(food_bank_id, district, center_type, name, tel, address, detail_address, latitude, longitude)
values (130, '대전광역시 동구', '푸드마켓', '대전행복나눔무지개푸드마켓2호점', '042-633-1377', '대전광역시 동구 동대전로 102-1', '(대동)', 36.3313981,
        127.4444327);
insert into food_bank(food_bank_id, district, center_type, name, tel, address, detail_address, latitude, longitude)
values (131, '대전광역시 대덕구', '푸드마켓', '대전행복나눔무지개푸드마켓3호점', '042-637-1377', '대전광역시 대덕구 계족로608번길 15', '(법동)', 36.3661527,
        127.4311698);
insert into food_bank(food_bank_id, district, center_type, name, tel, address, detail_address, latitude, longitude)
values (132, '대전광역시 유성구', '푸드마켓', '대전행복나눔무지개푸드마켓4호점', '042-935-1377', '대전광역시 유성구 봉산로36번길 1', '(봉산동)', 36.4369755,
        127.3868894);
insert into food_bank(food_bank_id, district, center_type, name, tel, address, detail_address, latitude, longitude)
values (133, '대전광역시 중구', '푸드마켓', '대전행복나눔무지개푸드마켓5호점', '042-256-1377', '대전광역시 중구 보문로 142', '(대사동)', 36.316014,
        127.4271561);
insert into food_bank(food_bank_id, district, center_type, name, tel, address, detail_address, latitude, longitude)
values (134, '대전광역시 유성구', '푸드마켓', '대전행복나눔무지개푸드마켓6호점', '042-826-6377', '대전광역시 유성구 유성대로730번길 51', '(장대동)', 36.3580873,
        127.3354645);
insert into food_bank(food_bank_id, district, center_type, name, tel, address, detail_address, latitude, longitude)
values (135, '대전광역시 동구', '푸드마켓', '대전행복나눔무지개푸드마켓7호점', '042-286-1377', '대전광역시 동구 동구청로203번길 1', '(판암동)', 36.3158552,
        127.4561707);
insert into food_bank(food_bank_id, district, center_type, name, tel, address, detail_address, latitude, longitude)
values (136, '대전광역시 중구', '푸드마켓', '대전행복나눔푸드마켓(유천점)', '042-522-7100', '대전광역시 중구 유천로 93', '1층 (유천동)', 36.3208087,
        127.396313);
insert into food_bank(food_bank_id, district, center_type, name, tel, address, detail_address, latitude, longitude)
values (137, '대전광역시 서구', '푸드마켓', '대전행복나눔푸드마켓8호점', '042-528-1377', '대전광역시 서구 배재로 99-1', '(도마동)', 36.3173279, 127.371043);
insert into food_bank(food_bank_id, district, center_type, name, tel, address, detail_address, latitude, longitude)
values (138, '충청북도 청주시 상당구', '푸드뱅크', '대청기초푸드뱅크', '043-221-7838', '충청북도 청주시 상당구 문의면 두모1길 13-8', '', 36.5165023,
        127.4695883);
insert into food_bank(food_bank_id, district, center_type, name, tel, address, detail_address, latitude, longitude)
values (139, '경기도 고양시 덕양구', '푸드뱅크', '덕양행신기초푸드뱅크', '031-839-6000', '경기도 고양시 덕양구 서정마을2로 13', '(행신동)', 37.6210836,
        126.8469782);
insert into food_bank(food_bank_id, district, center_type, name, tel, address, detail_address, latitude, longitude)
values (140, '서울특별시 도봉구', '푸드마켓', '도봉구푸드뱅크마켓센터', '02-907-1377', '서울특별시 도봉구 도봉로170길 2', '도봉역 다가치센터 16구역 (도봉동)',
        37.6752038, 127.0448981);
insert into food_bank(food_bank_id, district, center_type, name, tel, address, detail_address, latitude, longitude)
values (141, '광주광역시 동구', '푸드뱅크', '동구기초푸드뱅크', '062-234-1377', '광주광역시 동구 천변좌로 656', '(용산동) 빛고을종합사회복지관', 35.12551,
        126.9295211);
insert into food_bank(food_bank_id, district, center_type, name, tel, address, detail_address, latitude, longitude)
values (142, '대구광역시 동구', '푸드뱅크', '동구동촌푸드뱅크', '053-986-1377', '대구광역시 동구 입석로 5', '(입석동) 동촌종합사회복지관 동촌푸드뱅크', 35.8935077,
        128.6450799);
insert into food_bank(food_bank_id, district, center_type, name, tel, address, detail_address, latitude, longitude)
values (143, '광주광역시 동구', '푸드마켓', '동구푸드마켓', '062-222-1377', '광주광역시 동구 경양로223번길 14-31', '(계림동)', 35.1589902, 126.917151);
insert into food_bank(food_bank_id, district, center_type, name, tel, address, detail_address, latitude, longitude)
values (144, '부산광역시 동구', '푸드마켓', '동구푸드마켓', '051-905-1378', '부산광역시 동구 진성로 68', '(수정동)', 35.1338313, 129.0452491);
insert into food_bank(food_bank_id, district, center_type, name, tel, address, detail_address, latitude, longitude)
values (145, '인천광역시 동구', '푸드마켓', '동구푸드마켓1호점', '032-773-2377', '인천 동구 송림동', '59-12번지', 37.4785728, 126.6508903);
insert into food_bank(food_bank_id, district, center_type, name, tel, address, detail_address, latitude, longitude)
values (146, '울산광역시 동구', '푸드뱅크', '동구푸드뱅크', '052-236-1365', '울산광역시 동구 문현5길 27', '(방어동)', 35.4872882, 129.4116584);
insert into food_bank(food_bank_id, district, center_type, name, tel, address, detail_address, latitude, longitude)
values (147, '인천광역시 동구', '푸드뱅크', '동구푸드뱅크', '032-763-1377', '인천광역시 동구 만석로36번길 1', '(만석동) 1층 102호', 37.4816383,
        126.6238097);
insert into food_bank(food_bank_id, district, center_type, name, tel, address, detail_address, latitude, longitude)
values (148, '부산광역시 동구', '푸드뱅크', '동구푸드뱅크', '051-633-3367', '부산 동구 범일6동', '-130755', 35.1369526, 129.0555837);
insert into food_bank(food_bank_id, district, center_type, name, tel, address, detail_address, latitude, longitude)
values (149, '전라북도 군산시', '푸드뱅크', '동군산푸드뱅크', '063-451-5403', '전라북도 군산시 서수면 하금길 37-1', '', 36.0047947, 126.9049689);
insert into food_bank(food_bank_id, district, center_type, name, tel, address, detail_address, latitude, longitude)
values (150, '서울특별시 동대문구', '푸드마켓', '동대문 푸드뱅크마켓', '02-2246-0036', '서울특별시 동대문구 천호대로2길 23-9(신설동)', '', 37.5777303,
        127.0257995);
insert into food_bank(food_bank_id, district, center_type, name, tel, address, detail_address, latitude, longitude)
values (151, '경기도 동두천시', '푸드뱅크', '동두천천사푸드뱅크', '031-865-4577', '경기도 동두천시 광암로6번길 2', '(광암동)', 37.8944319, 127.0827803);
insert into food_bank(food_bank_id, district, center_type, name, tel, address, detail_address, latitude, longitude)
values (152, '부산광역시 동래구', '푸드뱅크', '동래구푸드뱅크', '051-531-2460', '부산 동래구 명장2동', '508-72', 35.207941, 129.102416);
insert into food_bank(food_bank_id, district, center_type, name, tel, address, detail_address, latitude, longitude)
values (153, '부산광역시 동래구', '푸드마켓', '동래등대지기푸드마켓', '051-506-1377', '부산광역시 동래구 석사북로 59-1(온천동)', '1층', 35.2032564,
        129.0638828);
insert into food_bank(food_bank_id, district, center_type, name, tel, address, detail_address, latitude, longitude)
values (154, '서울특별시 동작구', '푸드마켓', '동작구푸드뱅크·마켓센터', '02-817-1377', '서울 동작구 사당동', '169-8(대림프라자 상가  206호', 37.485622,
        126.9723172);
insert into food_bank(food_bank_id, district, center_type, name, tel, address, detail_address, latitude, longitude)
values (155, '제주특별자치도 제주시', '푸드뱅크', '동제주기초푸드뱅크', '064-751-1377', '제주특별자치도 제주시 구좌읍 평대12길 15', '동제주기초푸드뱅크', 33.5230678,
        126.8488827);
insert into food_bank(food_bank_id, district, center_type, name, tel, address, detail_address, latitude, longitude)
values (156, '강원도 동해시', '푸드뱅크', '동해시기초푸드뱅크', '033-533-1155', '강원도 동해시 선돌길 19', '(단봉동)', 37.4806047, 129.124647);
insert into food_bank(food_bank_id, district, center_type, name, tel, address, detail_address, latitude, longitude)
values (157, '대구광역시 달서구', '푸드마켓', '두류푸드마켓', '053-652-5300', '대구광역시 달서구 두류공원로50길 23', '(두류동, 선빌파크타운)1층', 35.856717,
        128.5599925);
insert into food_bank(food_bank_id, district, center_type, name, tel, address, detail_address, latitude, longitude)
values (158, '광주광역시 북구', '푸드뱅크', '두암기초푸드뱅크', '062-266-8185', '광주광역시 북구 삼정로 7', '두암종합사회복지관 2층', 35.1640009, 126.9357776);
insert into food_bank(food_bank_id, district, center_type, name, tel, address, detail_address, latitude, longitude)
values (159, '대전광역시 유성구', '푸드뱅크', '마라나타푸드뱅크', '042-935-6889', '대전광역시 유성구 관들3길 77-30', '(관평동)', 36.423855, 127.3904757);
insert into food_bank(food_bank_id, district, center_type, name, tel, address, detail_address, latitude, longitude)
values (160, '경상남도 창원시 마산회원구', '푸드뱅크', '마산푸드뱅크', '055-231-8018', '경상남도 창원시 마산회원구 내서읍 상곡로 49', '내서종합사회복지관', 35.2432155,
        128.4998216);
insert into food_bank(food_bank_id, district, center_type, name, tel, address, detail_address, latitude, longitude)
values (161, '서울특별시 마포구', '푸드마켓', '마포행복나눔푸드(뱅크)마켓1호점', '02-364-1377', '서울 마포구 성산동', '533-1 마포농수산물시장내 1층', 37.5656178,
        126.9046897);
insert into food_bank(food_bank_id, district, center_type, name, tel, address, detail_address, latitude, longitude)
values (162, '서울특별시 마포구', '푸드마켓', '마포행복나눔푸드마켓2호점', '02-703-1377', '서울특별시 마포구 신촌로26길 10', 'B1호 (노고산동, 우리마포복지관(대흥동주민센터))',
        37.5558507, 126.9421878);
insert into food_bank(food_bank_id, district, center_type, name, tel, address, detail_address, latitude, longitude)
values (163, '광주광역시 광산구', '푸드뱅크', '만나푸드뱅크', '062-941-1377', '광주광역시 광산구 풍영로101번안길 15-9', '(흑석동)102호', 35.1808294,
        126.8097315);
insert into food_bank(food_bank_id, district, center_type, name, tel, address, detail_address, latitude, longitude)
values (164, '전라남도 목포시', '푸드뱅크', '목포예사랑나눔푸드뱅크', '061-279-0954', '전라남도 목포시 양을로 261-2 용당교회탁노소(용해동)', '목포예사랑나눔푸드뱅크',
        34.8127458, 126.3982081);
insert into food_bank(food_bank_id, district, center_type, name, tel, address, detail_address, latitude, longitude)
values (165, '전라남도 무안군', '푸드뱅크', '무안군기초푸드뱅크', '061-283-1888', '전라남도 무안군 일로읍 삼일로 493', '삼일로 493', 34.8512824,
        126.4902639);
insert into food_bank(food_bank_id, district, center_type, name, tel, address, detail_address, latitude, longitude)
values (166, '전라북도 무주군', '푸드마켓', '무주행복나눔푸드마켓·뱅크', '063-322-1370', '전라북도 무주군 무주읍 한풍루로 294', '', 36.0029566, 127.658578);
insert into food_bank(food_bank_id, district, center_type, name, tel, address, detail_address, latitude, longitude)
values (167, '경상북도 문경시', '푸드뱅크', '문경시푸드뱅크', '054-555-2800', '경북 문경시 모전동',
        '859-3                           (※ 2012.7.1 운영주체 변경', 36.590899, 128.1873031);
insert into food_bank(food_bank_id, district, center_type, name, tel, address, detail_address, latitude, longitude)
values (168, '강원도 원주시', '푸드뱅크', '문막푸드뱅크', '033-734-0691', '강원도 원주시 문막읍 동화택지길 9', '', 37.3235112, 127.8306936);
insert into food_bank(food_bank_id, district, center_type, name, tel, address, detail_address, latitude, longitude)
values (169, '전라남도 여수시', '푸드뱅크', '문수기초푸드뱅크', '061-652-2010', '전라남도 여수시 여문2로 11-10', '(문수동)', 34.7495118, 127.6928554);
insert into food_bank(food_bank_id, district, center_type, name, tel, address, detail_address, latitude, longitude)
values (170, '경기도 용인시 처인구', '푸드뱅크', '문화협회푸드뱅크', '031-322-1377', '경기도 용인시 처인구 경안천로 76', '용인시실내체육관 1층(마평동)', 37.2378864,
        127.213305);
insert into food_bank(food_bank_id, district, center_type, name, tel, address, detail_address, latitude, longitude)
values (171, '인천광역시 미추홀구', '푸드뱅크', '미추홀구기초푸드뱅크', '032-861-1377', '인천광역시 미추홀구 매소홀로418번길 14-57', '(학익동)', 37.4390414,
        126.6669697);
insert into food_bank(food_bank_id, district, center_type, name, tel, address, detail_address, latitude, longitude)
values (172, '인천광역시 미추홀구', '푸드마켓', '미추홀구푸드마켓1호점', '032-875-1377', '인천광역시 미추홀구 경인로 333', '(주안동)', 37.4589061,
        126.6769305);
insert into food_bank(food_bank_id, district, center_type, name, tel, address, detail_address, latitude, longitude)
values (173, '인천광역시 미추홀구', '푸드마켓', '미추홀구푸드마켓2호점', '032-889-1377', '인천광역시 미추홀구 인주대로 127', '(용현동', 37.4567387,
        126.6512872);
insert into food_bank(food_bank_id, district, center_type, name, tel, address, detail_address, latitude, longitude)
values (174, '경상남도 밀양시', '푸드뱅크', '밀양시푸드뱅크', '055-350-1012', '경상남도 밀양시 중앙로 218', '(삼문동) 밀양시종합사회복지관 지하1층', 35.4836543,
        128.758962);
insert into food_bank(food_bank_id, district, center_type, name, tel, address, detail_address, latitude, longitude)
values (175, '충청남도 보령시', '푸드뱅크', '보령시기초푸드뱅크', '041-936-8501', '충청남도 보령시 주공로 50', '(명천동, 명천주공2차아파트)', 36.3424105,
        126.6031594);
insert into food_bank(food_bank_id, district, center_type, name, tel, address, detail_address, latitude, longitude)
values (176, '전라남도 보성군', '푸드뱅크', '보성기초푸드뱅크', '061-852-9845', '전라남도 보성군 보성읍 동인길 18-6', '', 34.7705254, 127.0833847);
insert into food_bank(food_bank_id, district, center_type, name, tel, address, detail_address, latitude, longitude)
values (177, '충청북도 보은군', '푸드뱅크', '보은군푸드뱅크', '043-544-1377', '충청북도 보은군 보은읍 보청대로 1907', '', 36.4880434, 127.7159275);
insert into food_bank(food_bank_id, district, center_type, name, tel, address, detail_address, latitude, longitude)
values (178, '경기도 부천시 원미구', '푸드뱅크', '복사골푸드뱅크', '032-661-0112', '경기도 부천시 원미로 235', '(춘의동)', 37.503325, 126.7942442);
insert into food_bank(food_bank_id, district, center_type, name, tel, address, detail_address, latitude, longitude)
values (179, '경기도 화성시', '푸드뱅크', '봉담아리푸드뱅크	', '', '경기도 화성시 봉담읍 동화길 174', '101호', 37.2100253, 126.9600179);
insert into food_bank(food_bank_id, district, center_type, name, tel, address, detail_address, latitude, longitude)
values (180, '부산광역시 금정구', '푸드마켓', '부산금정구푸드마켓', '051-911-1377', '부산 금정구 남산동', 'May-42', 35.2680246, 129.080599);
insert into food_bank(food_bank_id, district, center_type, name, tel, address, detail_address, latitude, longitude)
values (181, '부산광역시 사상구', '푸드마켓', '부산사상구푸드마켓', '051-325-1399', '부산광역시 사상구 동주로 6-9', '(주례동)', 35.1479014, 128.9993441);
insert into food_bank(food_bank_id, district, center_type, name, tel, address, detail_address, latitude, longitude)
values (182, '부산광역시 수영구', '푸드마켓', '부산수영구함께하는푸드마켓', '051-756-1925', '부산광역시 수영구 연수로249번길 12-18', '(망미동)', 35.1736461,
        129.099005);
insert into food_bank(food_bank_id, district, center_type, name, tel, address, detail_address, latitude, longitude)
values (183, '부산광역시 영도구', '푸드마켓', '부산영도구푸드마켓', '051-405-1377', '부산 영도구 동삼동', '215-57 1층 영도구푸드마켓', 35.0708907,
        129.0745195);
insert into food_bank(food_bank_id, district, center_type, name, tel, address, detail_address, latitude, longitude)
values (184, '부산광역시 부산진구', '푸드마켓', '부산진구푸드마켓', '051-853-1377', '부산광역시 부산진구 중앙대로 882', '(양정동)', 35.1693002, 129.0685943);
insert into food_bank(food_bank_id, district, center_type, name, tel, address, detail_address, latitude, longitude)
values (185, '부산광역시 부산진구', '푸드뱅크', '부산진구푸드뱅크', '051-896-2320', '부산광역시 부산진구 당감서로 16', '(당감동)', 35.1622515, 129.0366142);
insert into food_bank(food_bank_id, district, center_type, name, tel, address, detail_address, latitude, longitude)
values (186, '전라북도 부안군', '푸드마켓', '부안행복나눔푸드마켓·뱅크', '063-581-5723', '전라북도 부안군 부안읍 번영로 97-1', '부안행복나눔푸드마켓', 35.7267193,
        126.7311809);
insert into food_bank(food_bank_id, district, center_type, name, tel, address, detail_address, latitude, longitude)
values (187, '충청남도 부여군', '푸드뱅크', '부여나눔푸드뱅크', '041-832-0811', '충청남도 부여군 규암면 합송서로 128-3', '', 36.2579976, 126.8558675);
insert into food_bank(food_bank_id, district, center_type, name, tel, address, detail_address, latitude, longitude)
values (188, '경기도 부천시 원미구', '푸드뱅크', '부천기초푸드뱅크', '032-326-1477', '경기도 부천시 신흥로275번길 19', '(중동)', 37.5081188, 126.773895);
insert into food_bank(food_bank_id, district, center_type, name, tel, address, detail_address, latitude, longitude)
values (189, '경기도 부천시 원미구', '푸드마켓', '부천시다사랑푸드마켓', '032-324-1688', '경기도 부천시 신흥로275번길 19', '(중동)', 37.5081188,
        126.773895);
insert into food_bank(food_bank_id, district, center_type, name, tel, address, detail_address, latitude, longitude)
values (190, '경기도 부천시 소사구', '푸드뱅크', '부천행복한동행푸드뱅크', '032-612-0124', '경기도 부천시 하우로 319', '(심곡본동) 1층', 37.4819833,
        126.7837266);
insert into food_bank(food_bank_id, district, center_type, name, tel, address, detail_address, latitude, longitude)
values (191, '인천광역시 부평구', '푸드마켓', '부평구푸드마켓1호점', '032-426-1377', '인천 부평구 부개동', '120-78', 37.4929067, 126.737168);
insert into food_bank(food_bank_id, district, center_type, name, tel, address, detail_address, latitude, longitude)
values (192, '인천광역시 부평구', '푸드마켓', '부평구푸드마켓2호점', '032-511-1377', '인천광역시 부평구 경원대로1367번길 18', '(부평동)', 37.4920605,
        126.7209756);
insert into food_bank(food_bank_id, district, center_type, name, tel, address, detail_address, latitude, longitude)
values (193, '인천광역시 부평구', '푸드뱅크', '부평구푸드뱅크1호점', '032-519-1377', '인천광역시 부평구 후정동로 6', '(삼산동) 2층', 37.5177841,
        126.7380713);
insert into food_bank(food_bank_id, district, center_type, name, tel, address, detail_address, latitude, longitude)
values (194, '인천광역시 부평구', '푸드뱅크', '부평구푸드뱅크2호점', '032-511-1377', '인천광역시 부평구 경원대로1367번길 18', '(부평동)', 37.4920605,
        126.7209756);
insert into food_bank(food_bank_id, district, center_type, name, tel, address, detail_address, latitude, longitude)
values (195, '광주광역시 북구', '푸드뱅크', '북구기초푸드뱅크', '062-266-1377', '광주 북구 각화동', '202번지(2층)', 35.1830178, 126.9420292);
insert into food_bank(food_bank_id, district, center_type, name, tel, address, detail_address, latitude, longitude)
values (196, '대구광역시 북구', '푸드마켓', '북구사랑나눔푸드마켓', '053-321-1377', '대구광역시 북구 칠곡중앙대로91길 5 칠곡서한그린빌라(관음동)',
        '1400번지 서한그린빌라 아파트상가 1층 북구사랑나눔푸드마켓', 35.9359272, 128.5477535);
insert into food_bank(food_bank_id, district, center_type, name, tel, address, detail_address, latitude, longitude)
values (197, '대구광역시 북구', '푸드뱅크', '북구산격푸드뱅크', '053-381-9193', '대구광역시 북구 연암로 183', '산격기초푸드뱅크(산격종합사회복지관)', 35.9001631,
        128.5953157);
insert into food_bank(food_bank_id, district, center_type, name, tel, address, detail_address, latitude, longitude)
values (198, '부산광역시 북구', '푸드뱅크', '북구푸드뱅크', '051-331-4674', '부산광역시 북구 덕천로 74', '덕천종합사회복지관', 35.208809, 129.0155389);
insert into food_bank(food_bank_id, district, center_type, name, tel, address, detail_address, latitude, longitude)
values (199, '울산광역시 북구', '푸드뱅크', '북구푸드뱅크', '052-291-1377', '울산광역시 북구 산업로 1016', '(연암동)', 35.5834825, 129.3613022);
insert into food_bank(food_bank_id, district, center_type, name, tel, address, detail_address, latitude, longitude)
values (200, '부산광역시 북구', '푸드마켓', '북구행복나눔푸드마켓', '051-335-8377', '부산광역시 북구 의성로115번길 11', '(덕천동) 북구행복나눔푸드마켓', 35.2105542,
        129.0116144);
insert into food_bank(food_bank_id, district, center_type, name, tel, address, detail_address, latitude, longitude)
values (201, '대구광역시 북구', '푸드마켓', '북구희망나눔푸드마켓', '053-954-1377', '대구광역시 북구 대구체육관로 28', '(산격동)', 35.8914428, 128.6028749);
insert into food_bank(food_bank_id, district, center_type, name, tel, address, detail_address, latitude, longitude)
values (202, '제주특별자치도 제주시', '푸드뱅크', '북부기초푸드뱅크', '064-796-9097', '제주특별자치도 제주시 한림읍 한림상로 207-9', '', 33.4164079,
        126.2674565);
insert into food_bank(food_bank_id, district, center_type, name, tel, address, detail_address, latitude, longitude)
values (203, '인천광역시 중구', '푸드뱅크', '비손행복나눔푸드뱅크', '032-221-0191', '인천광역시 중구 참외전로152번길 5-1', '(경동)', 37.4729616,
        126.6332914);
insert into food_bank(food_bank_id, district, center_type, name, tel, address, detail_address, latitude, longitude)
values (204, '경기도 화성시', '푸드뱅크', '비전푸드뱅크', '031-355-1277', '경기도 화성시 서신면 수풀오얏길 65-11', '(장외리)', 37.1787654, 126.6788184);
insert into food_bank(food_bank_id, district, center_type, name, tel, address, detail_address, latitude, longitude)
values (205, '광주광역시 북구', '푸드뱅크', '사랑나눔기초푸드뱅크', '062-512-1125', '광주 북구 풍향동', '600-3', 35.1652263, 126.9261684);
insert into food_bank(food_bank_id, district, center_type, name, tel, address, detail_address, latitude, longitude)
values (206, '경기도 이천시', '푸드마켓', '사랑나눔이천푸드마켓', '031-638-1375', '경기도 이천시 경충대로2638번길 35', '(중리동)', 37.2775005,
        127.4399947);
insert into food_bank(food_bank_id, district, center_type, name, tel, address, detail_address, latitude, longitude)
values (207, '제주특별자치도 제주시', '푸드마켓', '사랑나눔푸드마켓·뱅크', '064-758-1377', '제주특별자치도 제주시 동광로 85', '(일도이동)', 33.5050443,
        126.5370818);
insert into food_bank(food_bank_id, district, center_type, name, tel, address, detail_address, latitude, longitude)
values (208, '인천광역시 미추홀구', '푸드뱅크', '사랑나눔푸드뱅크', '032-423-1377', '인천광역시 미추홀구 인주대로417번길 30', '(주안동)', 37.4526737,
        126.6832884);
insert into food_bank(food_bank_id, district, center_type, name, tel, address, detail_address, latitude, longitude)
values (209, '서울특별시 강서구', '푸드뱅크', '사랑의등불 강서푸드뱅크마켓', '02-2643-1377', '서울특별시 강서구 양천로24가길 27', '103,104호 (방화동, 오누리빌)',
        37.5725073, 126.8142511);
insert into food_bank(food_bank_id, district, center_type, name, tel, address, detail_address, latitude, longitude)
values (210, '경기도 화성시', '푸드뱅크', '사랑푸드뱅크', '031-225-1377', '경기도 화성시 병점중앙로 5-6', '301호(능동)', 37.1994551, 127.0442962);
insert into food_bank(food_bank_id, district, center_type, name, tel, address, detail_address, latitude, longitude)
values (211, '부산광역시 사상구', '푸드뱅크', '사상구기초푸드뱅크', '051-305-4286', '부산광역시 사상구 모라로192번길 20-33', '(모라동, 주공아파트3단지)',
        35.1831271, 129.0003768);
insert into food_bank(food_bank_id, district, center_type, name, tel, address, detail_address, latitude, longitude)
values (212, '경상남도 사천시', '푸드뱅크', '사천시푸드뱅크', '055-831-5794', '경상남도 사천시 동금5길 15', '사천시자원봉사센터', 34.9333216, 128.0820955);
insert into food_bank(food_bank_id, district, center_type, name, tel, address, detail_address, latitude, longitude)
values (213, '부산광역시 사하구', '푸드뱅크', '사하구푸드뱅크', '051-265-9471', '부산광역시 사하구 다송로 59', '(다대동, 다대4지구도개공영구임대아파트)', 35.0620445,
        128.9855034);
insert into food_bank(food_bank_id, district, center_type, name, tel, address, detail_address, latitude, longitude)
values (214, '부산광역시 사하구', '푸드마켓', '사하사랑나눔푸드마켓', '051-262-1377', '부산광역시 사하구 다대로 544 진요빌딩(다대동)', '204호', 35.0577892,
        128.9710435);
insert into food_bank(food_bank_id, district, center_type, name, tel, address, detail_address, latitude, longitude)
values (215, '대전광역시 대덕구', '푸드뱅크', '산마을푸드뱅크', '042-933-1377', '대전광역시 대덕구 석봉로57번길 31', '(석봉동)', 36.4488835, 127.4275887);
insert into food_bank(food_bank_id, district, center_type, name, tel, address, detail_address, latitude, longitude)
values (216, '경상남도 산청군', '푸드뱅크', '산청군푸드뱅크', '055-973-8267', '경상남도 산청군 산청읍 꽃봉산로 84', '', 35.4128764, 127.8739705);
insert into food_bank(food_bank_id, district, center_type, name, tel, address, detail_address, latitude, longitude)
values (217, '강원도 삼척시', '푸드뱅크', '삼척시푸드뱅크', '033-575-0516', '강원도 삼척시 원당로2길 72-6', '(원당동) 3층', 37.4374385, 129.1525441);
insert into food_bank(food_bank_id, district, center_type, name, tel, address, detail_address, latitude, longitude)
values (218, '대구광역시 달서구', '푸드뱅크', '상록수푸드뱅크', '053-716-6123', '대구광역시 달서구 문화회관3길 25(장기동)', '', 35.8471893, 128.5215955);
insert into food_bank(food_bank_id, district, center_type, name, tel, address, detail_address, latitude, longitude)
values (219, '경상북도 상주시', '푸드뱅크', '상주시푸드뱅크', '054-532-5688', '경북 상주시 냉림동', '78번지', 36.4230439, 128.1646055);
insert into food_bank(food_bank_id, district, center_type, name, tel, address, detail_address, latitude, longitude)
values (220, '대전광역시 동구', '푸드뱅크', '새소망푸드뱅크', '042-624-1377', '대전광역시 동구 갱이길 49', '(가양동 359-6)', 36.33685, 127.4423124);
insert into food_bank(food_bank_id, district, center_type, name, tel, address, detail_address, latitude, longitude)
values (221, '경기도 김포시', '푸드뱅크', '새희망푸드뱅크', '031-987-8116', '경기도 김포시 양촌읍 양곡4로 139', '', 37.6603125, 126.6237159);
insert into food_bank(food_bank_id, district, center_type, name, tel, address, detail_address, latitude, longitude)
values (222, '광주광역시 서구', '푸드뱅크', '서구기초푸드뱅크', '062-375-1377', '광주광역시 서구 운천로32번길 23', '금호종합사회복지관 (금호동, 금호시영3단지아파트)',
        35.1364491, 126.8619747);
insert into food_bank(food_bank_id, district, center_type, name, tel, address, detail_address, latitude, longitude)
values (223, '인천광역시 서구', '푸드뱅크', '서구태화푸드뱅크', '032-564-1377', '인천광역시 서구 심곡로124번길 10', '(심곡동)', 37.5440805, 126.6828051);
insert into food_bank(food_bank_id, district, center_type, name, tel, address, detail_address, latitude, longitude)
values (224, '인천광역시 서구', '푸드마켓', '서구푸드마켓1호점', '032-576-1377', '인천광역시 서구 승학로 233', '(심곡동)', 37.5432879, 126.672375);
insert into food_bank(food_bank_id, district, center_type, name, tel, address, detail_address, latitude, longitude)
values (225, '인천광역시 서구', '푸드마켓', '서구푸드마켓2호점', '032-584-1377', '인천광역시 서구 거북로 124', '(석남동)', 37.5028378, 126.6754611);
insert into food_bank(food_bank_id, district, center_type, name, tel, address, detail_address, latitude, longitude)
values (226, '인천광역시 서구', '푸드뱅크', '서구푸드뱅크', '032-574-1377', '인천광역시 서구 신석로121번길 10', '(석남동) 서구노인복지관', 37.5106817,
        126.6759429);
insert into food_bank(food_bank_id, district, center_type, name, tel, address, detail_address, latitude, longitude)
values (227, '부산광역시 서구', '푸드뱅크', '서구푸드뱅크', '051-241-1133', '부산광역시 서구 구덕로346번길 28', '103호 (동대신동3가, 리버스12차)', 35.1149018,
        129.0169871);
insert into food_bank(food_bank_id, district, center_type, name, tel, address, detail_address, latitude, longitude)
values (228, '제주특별자치도 서귀포시', '푸드마켓', '서귀포 행복나눔푸드마켓·푸드뱅크', '064-733-1388', '제주특별자치도 서귀포시 중앙로62번길 56', '(서귀동)',
        33.2530559, 126.5645156);
insert into food_bank(food_bank_id, district, center_type, name, tel, address, detail_address, latitude, longitude)
values (229, '서울특별시 서대문구', '푸드뱅크', '서대문구푸드뱅크', '304-1376', '서울 서대문구 연희동', '133-1', 37.5715365, 126.9309364);
insert into food_bank(food_bank_id, district, center_type, name, tel, address, detail_address, latitude, longitude)
values (230, '서울특별시 서대문구', '푸드마켓', '서대문정담은푸드마켓', '02-392-1377', '서울특별시 서대문구 독립문로 50', '(냉천동)', 37.5678988, 126.962499);
insert into food_bank(food_bank_id, district, center_type, name, tel, address, detail_address, latitude, longitude)
values (231, '충청남도 서산시', '푸드뱅크', '서산시기초푸드뱅크', '041-667-2303', '충청남도 서산시 서해로 3456', '(석림동) 서산석림사회복지관', 36.7724328,
        126.4617194);
insert into food_bank(food_bank_id, district, center_type, name, tel, address, detail_address, latitude, longitude)
values (232, '충청남도 서산시', '푸드뱅크', '서산카리타스농수산물지원센터', '041-688-1997', '충청남도 서산시 고운로 165', '(동문동, 278-17)', 36.7836257,
        126.453713);
insert into food_bank(food_bank_id, district, center_type, name, tel, address, detail_address, latitude, longitude)
values (233, '충청남도 서산시', '푸드마켓', '서산행복나눔푸드마켓', '041-665-1377', '충청남도 서산시 효행7로 10-3', '(동문동)', 36.7790548, 126.4577936);
insert into food_bank(food_bank_id, district, center_type, name, tel, address, detail_address, latitude, longitude)
values (234, '경기도 안성시', '푸드뱅크', '서안성푸드뱅크', '031-652-5085', '경기도 안성시 공도읍 진사길 79-17', '(진사리)', 36.9910354, 127.1448851);
insert into food_bank(food_bank_id, district, center_type, name, tel, address, detail_address, latitude, longitude)
values (235, '충청남도 서천군', '푸드마켓', '서천군좋은친구푸드마켓', '041-951-9444', '충청남도 서천군 서천읍 서천로 10', '1층', 36.0751628, 126.6983337);
insert into food_bank(food_bank_id, district, center_type, name, tel, address, detail_address, latitude, longitude)
values (236, '충청남도 서천군', '푸드뱅크', '서천군좋은친구푸드뱅크', '041-951-9444', '충청남도 서천군 서천읍 서천로 10', '1층', 36.0751628, 126.6983337);
insert into food_bank(food_bank_id, district, center_type, name, tel, address, detail_address, latitude, longitude)
values (237, '서울특별시 서초구', '푸드마켓', '서초구 푸드뱅크마켓센터', '02-579-1377', '서울특별시 서초구 바우뫼로 43(우면동)', 'Jan-68', 37.4717563,
        127.0268847);
insert into food_bank(food_bank_id, district, center_type, name, tel, address, detail_address, latitude, longitude)
values (238, '경기도 평택시', '푸드뱅크', '서평택푸드뱅크', '031-686-7553', '경기도 평택시 안중읍 송담7길 14', '(안중리)', 36.983363, 126.9298747);
insert into food_bank(food_bank_id, district, center_type, name, tel, address, detail_address, latitude, longitude)
values (239, '전라북도 고창군', '푸드뱅크', '선운기초푸드뱅크', '063-561-1378', '전라북도 고창군 고창읍 전봉준로 88-15', '', 35.4446379, 126.6832997);
insert into food_bank(food_bank_id, district, center_type, name, tel, address, detail_address, latitude, longitude)
values (240, '광주광역시 북구', '푸드뱅크', '섬기고나눔기초푸드뱅크', '062-524-1377', '광주광역시 북구 북문대로 70', '(운암동)', 35.1808367, 126.8743824);
insert into food_bank(food_bank_id, district, center_type, name, tel, address, detail_address, latitude, longitude)
values (241, '경기도 성남시 수정구', '푸드뱅크', '성남시청솔푸드뱅크', '031-7147-6333', '경기도 성남시 분당구 미금로 246', '(금곡동, 청솔마을주공6단지아파트) ',
        37.3540346, 127.1110405);
insert into food_bank(food_bank_id, district, center_type, name, tel, address, detail_address, latitude, longitude)
values (242, '경기도 성남시 중원구', '푸드마켓', '성남열린푸드뱅크·마켓', '031-756-1378', '경기도 성남시 분당구 탄천로 215',
        '탄천종합운동장내 체육회관 지하2층 상점17호(야탑동)', 37.4104106, 127.120664);
insert into food_bank(food_bank_id, district, center_type, name, tel, address, detail_address, latitude, longitude)
values (243, '서울특별시 성동구', '푸드마켓', '성동희망푸드나눔센터', '02-425-1377', '서울특별시 성동구 고산자로 323', '(마장동)201호', 37.5685122,
        127.036904);
insert into food_bank(food_bank_id, district, center_type, name, tel, address, detail_address, latitude, longitude)
values (244, '서울특별시 성북구', '푸드마켓', '성북구 푸드뱅크·마켓센터', '02-981-1377', '서울특별시 성북구 아리랑로4길 22', '301호', 37.5948465,
        127.0173155);
insert into food_bank(food_bank_id, district, center_type, name, tel, address, detail_address, latitude, longitude)
values (245, '경상북도 성주군', '푸드뱅크', '성주군푸드뱅크', '054-932-3551', '경상북도 성주군 수륜면 성주가야산로 616', '실로암육아원', 35.8183948,
        128.1728668);
insert into food_bank(food_bank_id, district, center_type, name, tel, address, detail_address, latitude, longitude)
values (246, '', '푸드뱅크', '세종사랑나눔푸드마켓·뱅크', '044-868-1311', '세종특별자치시 조치원읍 터미널안길 60', '6-2호', 36.6014999, 127.3030563);
insert into food_bank(food_bank_id, district, center_type, name, tel, address, detail_address, latitude, longitude)
values (247, '경기도 이천시', '푸드뱅크', '소망더함푸드뱅크', '031-631-1377', '경기도 이천시 마장면 서이천로 105-6', '(이치리)', 37.2466476, 127.3715368);
insert into food_bank(food_bank_id, district, center_type, name, tel, address, detail_address, latitude, longitude)
values (248, '강원도 속초시', '푸드뱅크', '속초기초푸드뱅크', '033-635-0758', '강원 속초시 먹거리길19', '주공3차 아파트 단지내', 38.1970517, 128.5749424);
insert into food_bank(food_bank_id, district, center_type, name, tel, address, detail_address, latitude, longitude)
values (249, '경기도 포천시', '푸드뱅크', '솔모루푸드뱅크', '031-543-1377', '경기도 포천시 소흘읍 송우로132번길 56', '(송우리)', 37.8364723, 127.1325481);
insert into food_bank(food_bank_id, district, center_type, name, tel, address, detail_address, latitude, longitude)
values (250, '광주광역시 광산구', '푸드뱅크', '송광푸드뱅크', '062-941-8248', '광주광역시 광산구 우산로 17', '(우산동, 우산빛여울채)', 35.1595029,
        126.8028164);
insert into food_bank(food_bank_id, district, center_type, name, tel, address, detail_address, latitude, longitude)
values (251, '서울특별시 송파구', '푸드마켓', '송파푸드마켓, 송파푸드뱅크', '02-2043-1377', '서울 송파구 마천동', '182-2', 37.4984934, 127.1527443);
insert into food_bank(food_bank_id, district, center_type, name, tel, address, detail_address, latitude, longitude)
values (252, '대구광역시 수성구', '푸드뱅크', '수성구지산푸드뱅크', '053-781-1377', '대구광역시 수성구 용학로 325', '지산종합사회복지관(지산동, 지산5단지아파트)',
        35.82484, 128.6425568);
insert into food_bank(food_bank_id, district, center_type, name, tel, address, detail_address, latitude, longitude)
values (253, '부산광역시 수영구', '푸드뱅크', '수영구푸드뱅크', '051-755-3367', '부산 수영구 망미동', '774-269 부산종합사회복지관', 35.1729616,
        129.1047043);
insert into food_bank(food_bank_id, district, center_type, name, tel, address, detail_address, latitude, longitude)
values (254, '경기도 수원시 장안구', '푸드뱅크', '수원시장안푸드뱅크', '031-271-1377', '경기도 수원시 장안구 장안로63번길 8', '(영화동)', 37.2901329,
        127.0030802);
insert into food_bank(food_bank_id, district, center_type, name, tel, address, detail_address, latitude, longitude)
values (255, '경기도 수원시 영통구', '푸드뱅크', '수원시푸드뱅크', '031-257-1378', '경기도 수원시 팔달구 매산로 86', '(매산로3가)', 37.2699165,
        127.0104467);
insert into food_bank(food_bank_id, district, center_type, name, tel, address, detail_address, latitude, longitude)
values (256, '경기도 수원시 팔달구', '푸드마켓', '수원시해누리푸드마켓', '031-238-1378', '경기도 수원시 팔달구 매산로 86', '1층 (매산로3가)', 37.2699165,
        127.0104467);
insert into food_bank(food_bank_id, district, center_type, name, tel, address, detail_address, latitude, longitude)
values (257, '전라북도 순창군', '푸드뱅크', '순창군기초푸드뱅크', '063-653-9120', '전라북도 순창군 순창읍 장류로 407-30', '순창군사회복지협의회', 35.3767598,
        127.1496637);
insert into food_bank(food_bank_id, district, center_type, name, tel, address, detail_address, latitude, longitude)
values (258, '전라남도 순천시', '푸드마켓', '순천시푸드마켓', '061-746-8206', '전라남도 순천시 중앙1길 30-18', '(장천동)', 34.9499453, 127.4888525);
insert into food_bank(food_bank_id, district, center_type, name, tel, address, detail_address, latitude, longitude)
values (259, '전라남도 순천시', '푸드뱅크', '순천시푸드뱅크', '061-741-3062', '전라남도 순천시 저전길 84', '(인제동)', 34.9463173, 127.4842856);
insert into food_bank(food_bank_id, district, center_type, name, tel, address, detail_address, latitude, longitude)
values (260, '광주광역시 서구', '푸드뱅크', '시영기초푸드뱅크', '062-371-1377', '광주광역시 서구 화정로 87-1', '시영종합사회복지관', 35.1456924, 126.8671708);
insert into food_bank(food_bank_id, district, center_type, name, tel, address, detail_address, latitude, longitude)
values (261, '경기도 시흥시', '푸드마켓', '시흥푸드뱅크마켓센터', '031-434-1379', '경기도 시흥시 오동마을로45번길 7', '(정왕동)', 37.3523493, 126.7467831);
insert into food_bank(food_bank_id, district, center_type, name, tel, address, detail_address, latitude, longitude)
values (262, '광주광역시 서구', '푸드뱅크', '쌍촌기초푸드뱅크', '062-384-1377', '광주 서구 쌍촌동', '1229번지', 35.1528754, 126.8625264);
insert into food_bank(food_bank_id, district, center_type, name, tel, address, detail_address, latitude, longitude)
values (263, '경기도 용인시 기흥구', '푸드뱅크', '아름다운동행 푸드뱅크', '031-339-1377', '경기도 용인시 처인구 금령로71번길 8', '중105호 (김량장동)', 37.2358425,
        127.2045147);
insert into food_bank(food_bank_id, district, center_type, name, tel, address, detail_address, latitude, longitude)
values (264, '울산광역시 중구', '푸드뱅크', '아름다운푸드뱅크', '052-292-1365', '울산광역시 중구 화합로 366-1', '(반구동)', 35.5589307, 129.3412571);
insert into food_bank(food_bank_id, district, center_type, name, tel, address, detail_address, latitude, longitude)
values (265, '충청남도 아산시', '푸드뱅크', '아산시기초푸드뱅크', '041-534-1377', '충청남도 아산시 염치읍 송곡안길 2-23', '1층', 36.8072715, 127.0150317);
insert into food_bank(food_bank_id, district, center_type, name, tel, address, detail_address, latitude, longitude)
values (266, '경상북도 안동시', '푸드뱅크', '안동시푸드뱅크', '054-858-1361', '경상북도 안동시 복주5길 23-17', '(옥동)', 36.5655514, 128.6977539);
insert into food_bank(food_bank_id, district, center_type, name, tel, address, detail_address, latitude, longitude)
values (267, '경기도 안산시 단원구', '푸드뱅크', '안산나눔푸드뱅크', '031-419-1377', '경기도 안산시 단원구 신촌3길 28', '(초지동)', 37.3139897,
        126.8188412);
insert into food_bank(food_bank_id, district, center_type, name, tel, address, detail_address, latitude, longitude)
values (268, '경기도 안산시 단원구', '푸드뱅크', '안산사랑푸드뱅크', '070-5014-5855', '경기도 안산시 상록구 원당골3길 6-1', '102호(수암동)', 37.3622811,
        126.8799098);
insert into food_bank(food_bank_id, district, center_type, name, tel, address, detail_address, latitude, longitude)
values (269, '경기도 안산시 단원구', '푸드뱅크', '안산시광림푸드뱅크', '031-487-1377', '경기도 안산시 단원구 예술1길 6', '(고잔동)', 37.3299893,
        126.8369781);
insert into food_bank(food_bank_id, district, center_type, name, tel, address, detail_address, latitude, longitude)
values (270, '경기도 안산시 상록구', '푸드뱅크', '안산푸드뱅크', '031-415-7890', '경기도 안산시 상록구 삼태기1길 37', '1층 (이동)', 37.3073218,
        126.8452821);
insert into food_bank(food_bank_id, district, center_type, name, tel, address, detail_address, latitude, longitude)
values (271, '경기도 안성시', '푸드뱅크', '안성동부푸드뱅크', '070-7788-1377', '경기도 안성시 죽산면 죽주로 292-22', '(죽산리)', 37.0750919,
        127.4280097);
insert into food_bank(food_bank_id, district, center_type, name, tel, address, detail_address, latitude, longitude)
values (272, '경기도 안성시', '푸드뱅크', '안성시푸드뱅크', '031-674-9451', '경기도 안성시 중앙로451번길 11', '2층(봉남동)', 37.0068631, 127.2764792);
insert into food_bank(food_bank_id, district, center_type, name, tel, address, detail_address, latitude, longitude)
values (273, '경기도 안성시', '푸드뱅크', '안성연화마을푸드뱅크', '031-674-1356', '경기도 안성시 일죽면 금일로 93', '(화봉리)', 37.0605978, 127.4754054);
insert into food_bank(food_bank_id, district, center_type, name, tel, address, detail_address, latitude, longitude)
values (274, '경기도 안양시 만안구', '푸드뱅크', '안양시유쾌한푸드뱅크', '031-442-8488', '경기도 안양시 만안구 안양로360번길 26', '(안양동)', 37.4041368,
        126.9188788);
insert into food_bank(food_bank_id, district, center_type, name, tel, address, detail_address, latitude, longitude)
values (275, '경기도 안양시 동안구', '푸드뱅크', '안양시푸드뱅크', '031-386-9957', '경기도 안양시 동안구 동안로 153', '평생교육원 2층2층산동)', 37.3918862,
        126.9496643);
insert into food_bank(food_bank_id, district, center_type, name, tel, address, detail_address, latitude, longitude)
values (276, '경기도 안양시 만안구', '푸드마켓', '안양착한푸드뱅크마켓', '031-476-1365', '경기도 안양시 만안구 장내로 113', '카톨릭회관 별관 3층(안양동)', 37.396869,
        126.9205062);
insert into food_bank(food_bank_id, district, center_type, name, tel, address, detail_address, latitude, longitude)
values (277, '강원도 양구군', '푸드뱅크', '양구기초푸드뱅크', '033-482-1377', '강원도 양구군 양구읍 양구새싹로 7-11', '', 38.1024738, 127.9864682);
insert into food_bank(food_bank_id, district, center_type, name, tel, address, detail_address, latitude, longitude)
values (278, '강원도 양구군', '푸드뱅크', '양구한마음푸드뱅크', '033-481-7733', '강원도 양구군 양구읍 비봉로 61', '', 38.1076598, 127.9868109);
insert into food_bank(food_bank_id, district, center_type, name, tel, address, detail_address, latitude, longitude)
values (279, '경상남도 양산시', '푸드뱅크', '양산시푸드뱅크', '055-365-9544', '경남 양산시 물금읍 범어리', '501번지', 35.3310231, 129.0086844);
insert into food_bank(food_bank_id, district, center_type, name, tel, address, detail_address, latitude, longitude)
values (280, '강원도 양양군', '푸드뱅크', '양양푸드뱅크', '033-673-4848', '강원도 양양군 강현면 일출로 42', '양양지역자활센터', 38.1159564, 128.6315219);
insert into food_bank(food_bank_id, district, center_type, name, tel, address, detail_address, latitude, longitude)
values (281, '경기도 양주시', '푸드뱅크', '양주기초푸드뱅크', '031-837-1377', '경기도 양주시 광적면 가래비길 93', '(가납리)', 37.8245455, 126.9837035);
insert into food_bank(food_bank_id, district, center_type, name, tel, address, detail_address, latitude, longitude)
values (282, '경기도 양주시', '푸드마켓', '양주연화푸드마켓', '031-861-1377', '경기도 양주시 외미로64번길 35', '(남방동)', 37.77273, 127.0441484);
insert into food_bank(food_bank_id, district, center_type, name, tel, address, detail_address, latitude, longitude)
values (283, '서울특별시 양천구', '푸드마켓', '양천구푸드뱅크·마켓센터', '02-2062-1377', '서울특별시 양천구 중앙로 250', '(신정동) 양천나눔누리센터 1층', 37.5189083,
        126.8537497);
insert into food_bank(food_bank_id, district, center_type, name, tel, address, detail_address, latitude, longitude)
values (284, '경기도 양평군', '푸드뱅크', '양평군기초푸드뱅크', '031-775-7741', '경기도 양평군 용문면 용문역길 67', '(다문리)', 37.4806168, 127.5893708);
insert into food_bank(food_bank_id, district, center_type, name, tel, address, detail_address, latitude, longitude)
values (285, '전라남도 여수시', '푸드뱅크', '여수시쌍봉푸드뱅크', '061-682-1477', '전라남도 여수시 학동서4길 58-20', '(학동)', 34.7629124, 127.6587855);
insert into food_bank(food_bank_id, district, center_type, name, tel, address, detail_address, latitude, longitude)
values (286, '경기도 여주시', '푸드뱅크', '여주구세군푸드뱅크', '031-885-1138', '경기도 여주시 도예로 39-11', '(현암동)', 37.3079981, 127.6402453);
insert into food_bank(food_bank_id, district, center_type, name, tel, address, detail_address, latitude, longitude)
values (287, '경기도 여주시', '푸드뱅크', '여주군좋은이웃기초푸드뱅크', '031-884-1377', '경기도 여주시 가남읍 자유그린길 37', '(삼군리)', 37.2124125,
        127.5605154);
insert into food_bank(food_bank_id, district, center_type, name, tel, address, detail_address, latitude, longitude)
values (288, '경기도 여주시', '푸드뱅크', '여주기초푸드뱅크', '031-886-9101', '경기도 여주시 세종로 319-1', '(교동)', 37.2690928, 127.6382966);
insert into food_bank(food_bank_id, district, center_type, name, tel, address, detail_address, latitude, longitude)
values (289, '인천광역시 연수구', '푸드마켓', '연수구푸드마켓1호점', '032-817-1377', '인천 연수구 선학동', '377-3', 37.4296782, 126.6975571);
insert into food_bank(food_bank_id, district, center_type, name, tel, address, detail_address, latitude, longitude)
values (290, '인천광역시 연수구', '푸드마켓', '연수구푸드마켓2호점', '032-834-2377', '인천광역시 연수구 청량로184번길 17', '(옥련동, 휴빌리지) 102호', 37.423958,
        126.6534536);
insert into food_bank(food_bank_id, district, center_type, name, tel, address, detail_address, latitude, longitude)
values (291, '인천광역시 연수구', '푸드뱅크', '연수구푸드뱅크', '032-818-1377', '인천광역시 연수구 원인재로 315', '(연수동, 주공1단지, 2단지아파트) 세화종합사회복지관 2층',
        37.4212472, 126.691788);
insert into food_bank(food_bank_id, district, center_type, name, tel, address, detail_address, latitude, longitude)
values (292, '부산광역시 연제구', '푸드마켓', '연제구둥지푸드마켓', '051-714-1378', '부산광역시 연제구 월드컵대로187번길 6', '(거제동)', 35.1876206,
        129.0757664);
insert into food_bank(food_bank_id, district, center_type, name, tel, address, detail_address, latitude, longitude)
values (293, '부산광역시 연제구', '푸드뱅크', '연제구푸드뱅크', '051-863-8360,1', '부산광역시 연제구 봉수로 17', '(연산동) 연제구연산종합사회복지관', 35.1727276,
        129.0888372);
insert into food_bank(food_bank_id, district, center_type, name, tel, address, detail_address, latitude, longitude)
values (294, '경기도 연천군', '푸드뱅크', '연천군푸드뱅크', '031-833-1010', '경기도 연천군 전곡읍 전곡로40번길 1', '(전곡리)', 38.0170775, 127.0729603);
insert into food_bank(food_bank_id, district, center_type, name, tel, address, detail_address, latitude, longitude)
values (295, '전라남도 영광군', '푸드마켓', '영광군푸드마켓', '080-353-1377', '전라남도 영광군 영광읍 옥당로 149', '4층', 35.2753465, 126.500958);
insert into food_bank(food_bank_id, district, center_type, name, tel, address, detail_address, latitude, longitude)
values (296, '전라남도 영광군', '푸드뱅크', '영광군푸드뱅크', '061-353-9740', '전라남도 영광군 영광읍 천년로 1351-14', '', 35.2672954, 126.4946724);
insert into food_bank(food_bank_id, district, center_type, name, tel, address, detail_address, latitude, longitude)
values (297, '경상북도 영덕군', '푸드뱅크', '영덕군기초푸드뱅크', '054-730-6616', '경상북도 영덕군 영덕읍 화개길 9-6', '', 36.4156833, 129.3655959);
insert into food_bank(food_bank_id, district, center_type, name, tel, address, detail_address, latitude, longitude)
values (298, '부산광역시 영도구', '푸드뱅크', '영도구푸드뱅크', '051-404-5061', '부산 영도구 동삼3동', '1123', 35.0708907, 129.0745195);
insert into food_bank(food_bank_id, district, center_type, name, tel, address, detail_address, latitude, longitude)
values (299, '충청북도 영동군', '푸드뱅크', '영동나눔푸드뱅크', '043-744-4949', '충북 영동군 영동읍 설계리', '740-1 영동군사회복지협의회(내)', 36.1926709,
        127.791865);
insert into food_bank(food_bank_id, district, center_type, name, tel, address, detail_address, latitude, longitude)
values (300, '서울특별시 영등포구', '푸드마켓', '영등포사랑나눔푸드뱅크·마켓', '02-2632-1377', '서울특별시 영등포구 선유동1로 80', '(당산동3가) 영등포구청별관',
        37.5284486, 126.8943445);
insert into food_bank(food_bank_id, district, center_type, name, tel, address, detail_address, latitude, longitude)
values (301, '전라남도 영암군', '푸드뱅크', '영암군푸드뱅크', '061-471-9933', '전라남도 영암군 영암읍 새동네길 22-1', '', 34.796343, 126.6906528);
insert into food_bank(food_bank_id, district, center_type, name, tel, address, detail_address, latitude, longitude)
values (302, '강원도 영월군', '푸드뱅크', '영월군푸드뱅크', '033-374-6411', '강원도 영월군 영월읍 덕포하리4길 19-5', '', 37.173222, 128.4769542);
insert into food_bank(food_bank_id, district, center_type, name, tel, address, detail_address, latitude, longitude)
values (303, '경상북도 영주시', '푸드뱅크', '영주시푸드뱅크', '054-639-0500', '경북 영주시 가흥1동', '1385번지', 36.8031934, 128.6052608);
insert into food_bank(food_bank_id, district, center_type, name, tel, address, detail_address, latitude, longitude)
values (304, '경상북도 영천시', '푸드뱅크', '영천시푸드뱅크', '054-335-3633', '경북 영천시 작산동', '130', 35.9429234, 128.9490738);
insert into food_bank(food_bank_id, district, center_type, name, tel, address, detail_address, latitude, longitude)
values (305, '경기도 수원시 영통구', '푸드뱅크', '영통푸드뱅크', '031-212-1641', '경기도 수원시 영통구 매봉로35번길 23-15', '1층 (매탄동)', 37.2712082,
        127.0508916);
insert into food_bank(food_bank_id, district, center_type, name, tel, address, detail_address, latitude, longitude)
values (306, '충청남도 예산군', '푸드뱅크', '예산군기초푸드뱅크', '041-332-5402', '충청남도 예산군 삽교읍 삽교로3길 57', '', 36.6904264, 126.7396882);
insert into food_bank(food_bank_id, district, center_type, name, tel, address, detail_address, latitude, longitude)
values (307, '충청남도 예산군', '푸드마켓', '예산다다푸드마켓', '041-335-8700', '충남 예산군 예산읍 예산리', '550', 36.681582, 126.8469299);
insert into food_bank(food_bank_id, district, center_type, name, tel, address, detail_address, latitude, longitude)
values (308, '전라남도 목포시', '푸드뱅크', '예향참맛푸드뱅크', '061-242-8980', '전라남도 목포시 해안로173번길 34', '(경동1가)', 34.7852845, 126.3824786);
insert into food_bank(food_bank_id, district, center_type, name, tel, address, detail_address, latitude, longitude)
values (309, '경기도 오산시', '푸드뱅크', '오산시푸드뱅크', '031-378-1377', '경기도 오산시 성호대로 38', '1층1층산동)', 37.1490613, 127.0653552);
insert into food_bank(food_bank_id, district, center_type, name, tel, address, detail_address, latitude, longitude)
values (310, '광주광역시 북구', '푸드뱅크', '오치기초푸드뱅크', '062-574-1377', '광주광역시 북구 서하로194번길 6', '(오치동, 오치 영구임대아파트)', 35.1857379,
        126.9007786);
insert into food_bank(food_bank_id, district, center_type, name, tel, address, detail_address, latitude, longitude)
values (311, '충청북도 옥천군', '푸드뱅크', '옥천군행복나눔푸드뱅크마켓', '043-730-2624', '충청북도 옥천군 옥천읍 삼금로4길 6', '1층', 36.3014596,
        127.5671879);
insert into food_bank(food_bank_id, district, center_type, name, tel, address, detail_address, latitude, longitude)
values (312, '충청북도 옥천군', '푸드뱅크', '옥천나눔푸드뱅크', '043-731-6231', '충청북도 옥천군 옥천읍 응천1길 63-3', '옥천나눔푸드뱅크', 36.286965,
        127.5729794);
insert into food_bank(food_bank_id, district, center_type, name, tel, address, detail_address, latitude, longitude)
values (313, '전라북도 완주군', '푸드뱅크', '완주군기초푸드뱅크', '063-232-1377', '전라북도 완주군 삼례읍 별산농원길 20', '', 35.9206137, 127.0918294);
insert into food_bank(food_bank_id, district, center_type, name, tel, address, detail_address, latitude, longitude)
values (314, '서울특별시 용산구', '푸드마켓', '용산구 푸드뱅크마켓센터', '02-703-0129', '서울특별시 용산구 한강대로 345', '용산구 푸드마켓 (구 갈월파출소)(갈월동)',
        37.5490952, 126.9714691);
insert into food_bank(food_bank_id, district, center_type, name, tel, address, detail_address, latitude, longitude)
values (315, '경기도 용인시 기흥구', '푸드뱅크', '용인사랑나눔푸드뱅크', '031-281-1377', '경기도 용인시 기흥구 신갈로84번길 5-17', '(신갈동)', 37.2749198,
        127.1063269);
insert into food_bank(food_bank_id, district, center_type, name, tel, address, detail_address, latitude, longitude)
values (316, '경기도 용인시 기흥구', '푸드뱅크', '용인시여럿이함께푸드뱅크', '031-283-0873', '경기도 용인시 기흥구 마북로247번길 92', '(마북동)', 37.3167844,
        127.1287701);
insert into food_bank(food_bank_id, district, center_type, name, tel, address, detail_address, latitude, longitude)
values (317, '울산광역시 남구', '푸드마켓', '울산광역시나눔푸드마켓', '052-252-1377', '울산광역시 남구 봉월로50번길 45(신정동)', '울산광역시나눔푸드마켓', 35.5382467,
        129.3105662);
insert into food_bank(food_bank_id, district, center_type, name, tel, address, detail_address, latitude, longitude)
values (318, '울산광역시 울주군', '푸드마켓', '울주푸드뱅크마켓', '052-224-1377', '울산광역시 울주군 언양읍 동문길 51', '1층 울주푸드뱅크마켓', 35.5664538,
        129.1250839);
insert into food_bank(food_bank_id, district, center_type, name, tel, address, detail_address, latitude, longitude)
values (319, '경상북도 울진군', '푸드뱅크', '울진군푸드뱅크', '054-788-2111', '경북 울진군 후포면 삼율리', '188-3', 36.68969, 129.4283006);
insert into food_bank(food_bank_id, district, center_type, name, tel, address, detail_address, latitude, longitude)
values (320, '경기도 이천시', '푸드뱅크', '웃어라나눔과기쁨푸드뱅크', '031-632-6066', '경기도 이천시 서희로71번길 14', '(창전동)', 37.2823517, 127.4424815);
insert into food_bank(food_bank_id, district, center_type, name, tel, address, detail_address, latitude, longitude)
values (321, '강원도 원주시', '푸드뱅크', '원주만나푸드뱅크', '033-764-9129', '강원도 원주시 일산로82번길 36', '(원동)', 37.3442379, 127.9539682);
insert into food_bank(food_bank_id, district, center_type, name, tel, address, detail_address, latitude, longitude)
values (322, '강원도 원주시', '푸드마켓', '원주시푸드나눔센터', '033-747-1347', '강원도 원주시 갈머리2길 31', '(학성동)', 37.3532979, 127.9443488);
insert into food_bank(food_bank_id, district, center_type, name, tel, address, detail_address, latitude, longitude)
values (323, '서울특별시 은평구', '푸드마켓', '은평푸드뱅크마켓', '02-354-1377', '서울특별시 은평구 서오릉로 134-5', '(대조동)', 37.6114099, 126.9178434);
insert into food_bank(food_bank_id, district, center_type, name, tel, address, detail_address, latitude, longitude)
values (324, '충청북도 음성군', '푸드뱅크', '음성군기초푸드뱅크', '043-873-1377', '충청북도 음성군 음성읍 중앙로40번길 9-1', '201, 202호', 36.92816,
        127.6901873);
insert into food_bank(food_bank_id, district, center_type, name, tel, address, detail_address, latitude, longitude)
values (325, '충청북도 음성군', '푸드뱅크', '음성군한울사랑나눔푸드뱅크', '043-878-4312', '충청북도 음성군 생극면 음성로1620번길 7', '', 37.0326306,
        127.6086848);
insert into food_bank(food_bank_id, district, center_type, name, tel, address, detail_address, latitude, longitude)
values (326, '경상북도 의성군', '푸드뱅크', '의성군푸드뱅크', '054-834-2900', '경북 의성군 의성읍 후죽3리', '136-1', 36.348983, 128.6998894);
insert into food_bank(food_bank_id, district, center_type, name, tel, address, detail_address, latitude, longitude)
values (327, '경기도 의왕시', '푸드뱅크', '의왕시푸드뱅크', '031-458-3027', '경기도 의왕시 효행로 46', '(오전동)', 37.351605, 126.9729235);
insert into food_bank(food_bank_id, district, center_type, name, tel, address, detail_address, latitude, longitude)
values (328, '경기도 의정부시', '푸드마켓', '의정부푸드뱅크마켓', '031-829-6114', '경기도 의정부시 용민로92번길 12', '(용현동)', 37.7374491, 127.0878352);
insert into food_bank(food_bank_id, district, center_type, name, tel, address, detail_address, latitude, longitude)
values (329, '전라북도 전주시 덕진구', '푸드뱅크', '이웃사랑푸드뱅크', '070-4940-6569', '전라북도 전주시 덕진구 건산로 280', '(우아동2가)1층', 35.835586,
        127.1676707);
insert into food_bank(food_bank_id, district, center_type, name, tel, address, detail_address, latitude, longitude)
values (330, '경기도 이천시', '푸드뱅크', '이천시선양푸드뱅크', '031-637-1377', '경기도 이천시 남천로 51-6', '(중리동)', 37.2775751, 127.4432321);
insert into food_bank(food_bank_id, district, center_type, name, tel, address, detail_address, latitude, longitude)
values (331, '경기도 이천시', '푸드뱅크', '이천시푸드뱅크', '031-634-1377', '경기도 이천시 부발읍 신원로 18', '만옥빌딩 3층(신원리)', 37.2918999,
        127.5059475);
insert into food_bank(food_bank_id, district, center_type, name, tel, address, detail_address, latitude, longitude)
values (332, '전라북도 익산시', '푸드마켓', '익산행복나눔마켓뱅크', '063-854-1377', '전라북도 익산시 중앙로7길 2-9', '(갈산동)', 35.939074, 126.9525069);
insert into food_bank(food_bank_id, district, center_type, name, tel, address, detail_address, latitude, longitude)
values (333, '강원도 인제군', '푸드뱅크', '인제군기초푸드뱅크', '033-463-1377', '강원도 인제군 인제읍 비봉로 48', '농특산물판매장 2층', 38.0648478,
        128.1741628);
insert into food_bank(food_bank_id, district, center_type, name, tel, address, detail_address, latitude, longitude)
values (334, '전라북도 임실군', '푸드뱅크', '임실군기초푸드뱅크', '063-644-4438', '전라북도 임실군 임실읍 운수로 33-46', '', 35.6146094, 127.2857621);
insert into food_bank(food_bank_id, district, center_type, name, tel, address, detail_address, latitude, longitude)
values (335, '전라남도 장성군', '푸드뱅크', '장성군기초푸드뱅크', '061-394-9600', '전라남도 장성군 장성읍 청운길 55', '3층', 35.3048732, 126.7815646);
insert into food_bank(food_bank_id, district, center_type, name, tel, address, detail_address, latitude, longitude)
values (336, '전라북도 장수군', '푸드뱅크', '장수군기초푸드뱅크', '063-351-2792', '전라북도 장수군 장수읍 시장로 27-9', '(더조은빌라)', 35.6491911,
        127.5156183);
insert into food_bank(food_bank_id, district, center_type, name, tel, address, detail_address, latitude, longitude)
values (337, '전라남도 장흥군', '푸드뱅크', '장흥엄마손기초푸드뱅크', '061-864-4804', '전라남도 장흥군 장흥읍 흥성로 37-24', '장흥엄마손기초푸드뱅크', 34.6755097,
        126.9070217);
insert into food_bank(food_bank_id, district, center_type, name, tel, address, detail_address, latitude, longitude)
values (338, '전라북도 전주시 완산구', '푸드뱅크', '전주시기초푸드뱅크', '063-225-4215', '전라북도 전주시 완산구 소대배기로 18-34', '(평화동2가, 원광빌라)',
        35.7863636, 127.1314121);
insert into food_bank(food_bank_id, district, center_type, name, tel, address, detail_address, latitude, longitude)
values (339, '전라북도 전주시 완산구', '푸드뱅크', '전주시새샘푸드뱅크', '063-286-0217', '전라북도 전주시 완산구 고덕산1길 82', '(대성동)', 35.7920382,
        127.1772357);
insert into food_bank(food_bank_id, district, center_type, name, tel, address, detail_address, latitude, longitude)
values (340, '전라북도 전주시 덕진구', '푸드마켓', '전주시중앙푸드마켓', '063-254-2758', '전라북도 전주시 덕진구 솔내2길 76', '101호 (송천동1가)', 35.8579766,
        127.1247392);
insert into food_bank(food_bank_id, district, center_type, name, tel, address, detail_address, latitude, longitude)
values (341, '전라북도 전주시 덕진구', '푸드뱅크', '전주시중앙푸드뱅크', '063-254-2758', '전라북도 전주시 덕진구 사근1길 23-25', '(송천동2가) 전주시중앙푸드뱅크',
        35.8689451, 127.1306465);
insert into food_bank(food_bank_id, district, center_type, name, tel, address, detail_address, latitude, longitude)
values (342, '전라북도 전주시 완산구', '푸드마켓', '전주시행복나눔푸드마켓', '063-286-1377', '전라북도 전주시 완산구 장승배기로 245', '(평화동1가)', 35.7981568,
        127.1390727);
insert into food_bank(food_bank_id, district, center_type, name, tel, address, detail_address, latitude, longitude)
values (343, '강원도 정선군', '푸드뱅크', '정선군푸드뱅크', '033-592-4115', '강원도 정선군 남면 무릉1로 56', '', 37.248821, 128.7778776);
insert into food_bank(food_bank_id, district, center_type, name, tel, address, detail_address, latitude, longitude)
values (344, '전라북도 정읍시', '푸드뱅크', '정읍시기초푸드뱅크', '063-533-1916', '전라북도 정읍시 수성2로 13-18', '(수성동)', 35.5835354, 126.8540248);
insert into food_bank(food_bank_id, district, center_type, name, tel, address, detail_address, latitude, longitude)
values (345, '대구광역시 동구', '푸드뱅크', '제일푸드뱅크', '053-755-1377', '대구광역시 동구 송라로2길 17-6', '(신천동)', 35.8701809, 128.6213423);
insert into food_bank(food_bank_id, district, center_type, name, tel, address, detail_address, latitude, longitude)
values (346, '충청북도 제천시', '푸드뱅크', '제천기초푸드뱅크', '043-645-5004', '충청북도 제천시 내토로 390', '(영천동)', 37.1316242, 128.2011225);
insert into food_bank(food_bank_id, district, center_type, name, tel, address, detail_address, latitude, longitude)
values (347, '충청북도 제천시', '푸드마켓', '제천시푸드마켓', '043-647-1377', '충청북도 제천시 동명로 50', '(명동)', 37.1340363, 128.2055973);
insert into food_bank(food_bank_id, district, center_type, name, tel, address, detail_address, latitude, longitude)
values (348, '대전광역시 중구', '푸드뱅크', '조은이웃푸드뱅크', '042-825-9182', '대전광역시 중구 당디로36번길 99', '(문화동)', 36.3105347, 127.3985952);
insert into food_bank(food_bank_id, district, center_type, name, tel, address, detail_address, latitude, longitude)
values (349, '서울특별시 종로구', '푸드마켓', '종로구 푸드뱅크마켓센터', '02-2148-4102', '서울 종로구 숭인1동', '55-2 숭인1동주민센터 4층', 37.5777841,
        127.0156044);
insert into food_bank(food_bank_id, district, center_type, name, tel, address, detail_address, latitude, longitude)
values (350, '서울특별시 중구', '푸드마켓', '중구 푸드뱅크마켓센터', '02-2297-1377', '서울특별시 중구 퇴계로 460', '(신당동)', 37.5650915, 127.0227986);
insert into food_bank(food_bank_id, district, center_type, name, tel, address, detail_address, latitude, longitude)
values (351, '부산광역시 중구', '푸드마켓', '중구다솜나래푸드마켓', '051-463-1388', '부산 중구 영주동', '551-7', 35.1120695, 129.0321048);
insert into food_bank(food_bank_id, district, center_type, name, tel, address, detail_address, latitude, longitude)
values (352, '대구광역시 중구', '푸드마켓', '중구만나푸드마켓', '053-257-1377', '대구광역시 중구 대봉로43안길 50-10', '(대봉동) 1층 중구만나푸드마켓', 35.8595303,
        128.5994875);
insert into food_bank(food_bank_id, district, center_type, name, tel, address, detail_address, latitude, longitude)
values (353, '인천광역시 중구', '푸드마켓', '중구푸드마켓', '032-777-0377', '인천 중구 전동', '17-38(홍예문1길38번지)', 37.4771704, 126.6261108);
insert into food_bank(food_bank_id, district, center_type, name, tel, address, detail_address, latitude, longitude)
values (354, '울산광역시 중구', '푸드뱅크', '중구푸드뱅크', '052-243-1377', '울산광역시 중구 중앙길 199', '(학산동)', 35.5574384, 129.3240874);
insert into food_bank(food_bank_id, district, center_type, name, tel, address, detail_address, latitude, longitude)
values (355, '부산광역시 중구', '푸드뱅크', '중구푸드뱅크', '051-464-3137', '부산 중구 대청동4가', 'Jul-75', 35.1061482, 129.0298682);
insert into food_bank(food_bank_id, district, center_type, name, tel, address, detail_address, latitude, longitude)
values (356, '인천광역시 중구', '푸드뱅크', '중구푸드뱅크', '032-761-1399', '인천광역시 중구 홍예문로 77', '(전동17-38)', 37.4763963, 126.6279766);
insert into food_bank(food_bank_id, district, center_type, name, tel, address, detail_address, latitude, longitude)
values (357, '대구광역시 중구', '푸드뱅크', '중구푸드뱅크', '053-254-1388', '대구 중구 남산로1길', '78', 35.8586282, 128.5794498);
insert into food_bank(food_bank_id, district, center_type, name, tel, address, detail_address, latitude, longitude)
values (358, '서울특별시 중랑구', '푸드마켓', '중랑푸드마켓(면목점)', '02-6952-1376', '서울특별시 중랑구 면목로 242', '(면목동)', 37.5744197, 127.0853224);
insert into food_bank(food_bank_id, district, center_type, name, tel, address, detail_address, latitude, longitude)
values (359, '서울특별시 중랑구', '푸드마켓', '중랑푸드마켓·뱅크센터', '02-493-1582', '서울특별시 중랑구 봉화산로56길 22', '(신내동)', 37.6075052,
        127.0993711);
insert into food_bank(food_bank_id, district, center_type, name, tel, address, detail_address, latitude, longitude)
values (360, '충청북도 증평군', '푸드뱅크', '증평군푸드뱅크', '043-836-6040', '충청북도 증평군 증평읍 창신로 85', '삼보사회복지관', 36.7786227, 127.5810754);
insert into food_bank(food_bank_id, district, center_type, name, tel, address, detail_address, latitude, longitude)
values (361, '전라남도 진도군', '푸드뱅크', '진도군기초푸드뱅크', '061-544-2210', '전라남도 진도군 진도읍 교동4길 25', '', 34.4843563, 126.2589292);
insert into food_bank(food_bank_id, district, center_type, name, tel, address, detail_address, latitude, longitude)
values (362, '대구광역시 동구', '푸드뱅크', '진명푸드뱅크', '053-746-1377', '대구광역시 동구 아양로 239(신암동)', '진명시니어카운티 B1', 35.8870615,
        128.6388317);
insert into food_bank(food_bank_id, district, center_type, name, tel, address, detail_address, latitude, longitude)
values (363, '전라북도 진안군', '푸드뱅크', '진안군기초푸드뱅크', '063-432-9005', '전라북도 진안군 진안읍 진무로 975', '', 35.7832838, 127.423199);
insert into food_bank(food_bank_id, district, center_type, name, tel, address, detail_address, latitude, longitude)
values (364, '전라북도 진안군', '푸드마켓', '진안마이푸드마켓', '063-433-1415', '전라북도 진안군 진안읍 관산2길 10', '진안군사회복지협의회', 35.7903909,
        127.424636);
insert into food_bank(food_bank_id, district, center_type, name, tel, address, detail_address, latitude, longitude)
values (365, '경상남도 진주시', '푸드뱅크', '진주시푸드뱅크', '055-747-1377', '경상남도 진주시 서장대로 281', '(이현동)', 35.192303, 128.0638991);
insert into food_bank(food_bank_id, district, center_type, name, tel, address, detail_address, latitude, longitude)
values (366, '경상남도 진주시', '푸드마켓', '진주푸드마켓', '055-747-1377', '경상남도 진주시 서장대로 281', '(이현동)', 35.192303, 128.0638991);
insert into food_bank(food_bank_id, district, center_type, name, tel, address, detail_address, latitude, longitude)
values (367, '충청북도 진천군', '푸드뱅크', '진천군기초푸드뱅크', '043-533-1377', '충청북도 진천군 진천읍 상산로 42', '진천군기초푸드뱅크', 36.8541717,
        127.4381144);
insert into food_bank(food_bank_id, district, center_type, name, tel, address, detail_address, latitude, longitude)
values (368, '충청북도 진천군', '푸드뱅크', '진천나눔과기쁨기초푸드뱅크', '043-536-0129', '충청북도 진천군 진천읍 진광로 72-1', '(우주동백1차아파트)', 36.8706841,
        127.4425942);
insert into food_bank(food_bank_id, district, center_type, name, tel, address, detail_address, latitude, longitude)
values (369, '경상남도 창원시 진해구', '푸드뱅크', '진해푸드뱅크', '055-540-0114', '경상남도 창원시 진해구 진해대로 1101(풍호동 진해구청)', '창원시진해종합사회복지관',
        35.135311, 128.710258);
insert into food_bank(food_bank_id, district, center_type, name, tel, address, detail_address, latitude, longitude)
values (370, '전라북도 정읍시', '푸드마켓', '참좋은푸드마켓', '063-531-0191', '전라북도 정읍시 명덕로 55', '(연지동)', 35.5757818, 126.8451666);
insert into food_bank(food_bank_id, district, center_type, name, tel, address, detail_address, latitude, longitude)
values (371, '전라북도 정읍시', '푸드뱅크', '참좋은푸드뱅크', '063-531-0191', '전라북도 정읍시 서부산업도로 302', '(연지동)2층 202호', 35.5750457,
        126.8437443);
insert into food_bank(food_bank_id, district, center_type, name, tel, address, detail_address, latitude, longitude)
values (372, '경상남도 창녕군', '푸드뱅크', '창녕군푸드뱅크', '055-532-0624', '경상남도 창녕군 창녕읍 조산서재골로', '7', 35.5374908, 128.4900955);
insert into food_bank(food_bank_id, district, center_type, name, tel, address, detail_address, latitude, longitude)
values (373, '경상남도 창원시 성산구', '푸드뱅크', '창원시기초푸드뱅크', '055-253-1377', '경상남도 창원시 성산구 창이대로600번길 2', '(신월동)', 35.2304486,
        128.6949389);
insert into food_bank(food_bank_id, district, center_type, name, tel, address, detail_address, latitude, longitude)
values (374, '경상남도 창원시 성산구', '푸드마켓', '창원시희망푸드마켓', '055-283-1377', '경상남도 창원시 성산구 신사로 7', '(신월동)', 35.2271204,
        128.6870389);
insert into food_bank(food_bank_id, district, center_type, name, tel, address, detail_address, latitude, longitude)
values (375, '충청남도 천안시', '푸드뱅크', '천안기초푸드뱅크', '041-523-1377', '충청남도 천안시 동남구 풍세로 708', '(구룡동) 하늘샘교회', 36.7739485,
        127.140227);
insert into food_bank(food_bank_id, district, center_type, name, tel, address, detail_address, latitude, longitude)
values (376, '충청남도 천안시', '푸드뱅크', '천안서부푸드뱅크', '041-554-3572', '충청남도 천안시 동남구 태조산길 13-31', '(원성동)', 36.8125571,
        127.1667995);
insert into food_bank(food_bank_id, district, center_type, name, tel, address, detail_address, latitude, longitude)
values (377, '충청남도 천안시', '푸드마켓', '천안희망나눔푸드마켓', '041-573-1377', '충청남도 천안시 동남구 원성1길 24', '(원성동)', 36.808514, 127.1593091);
insert into food_bank(food_bank_id, district, center_type, name, tel, address, detail_address, latitude, longitude)
values (378, '강원도 철원군', '푸드뱅크', '철원군푸드뱅크', '033-458-2998', '강원 철원군 동송읍 이평로', 'Jan-80', 38.2086061, 127.2140654);
insert into food_bank(food_bank_id, district, center_type, name, tel, address, detail_address, latitude, longitude)
values (379, '경상북도 청도군', '푸드뱅크', '청도군푸드뱅크', '054-373-7575', '경상북도 청도군 화양읍 청화로 79-15', '', 35.6486748, 128.7376513);
insert into food_bank(food_bank_id, district, center_type, name, tel, address, detail_address, latitude, longitude)
values (380, '경상북도 청송군', '푸드뱅크', '청송군푸드뱅크', '054-873-7447', '경상북도 청송군 청송읍 주왕산로 7-282', '청송군푸드뱅크', 36.3994533,
        129.0728196);
insert into food_bank(food_bank_id, district, center_type, name, tel, address, detail_address, latitude, longitude)
values (381, '충청남도 청양군', '푸드뱅크', '청양푸드뱅크', '041-944-1500', '충청남도 청양군 운곡면 청신로', '402 (위라리)', 36.5269761, 126.8422649);
insert into food_bank(food_bank_id, district, center_type, name, tel, address, detail_address, latitude, longitude)
values (382, '충청북도 청주시 청원구', '푸드뱅크', '청원기초푸드뱅크', '043-218-1377', '충청북도 청주시 청원구 내수읍 내수로 737', '', 36.7272499,
        127.5367407);
insert into food_bank(food_bank_id, district, center_type, name, tel, address, detail_address, latitude, longitude)
values (383, '충청북도 청주시 상당구', '푸드뱅크', '청주시구세군기초푸드뱅크', '043-254-1377', '충청북도 청주시 상당구 쇠내로145번길 15',
        'A동 2층 202호(금천동, 금천뉴타운아파트상가) ', 36.6223505, 127.5090102);
insert into food_bank(food_bank_id, district, center_type, name, tel, address, detail_address, latitude, longitude)
values (384, '충청북도 청주시 상당구', '푸드뱅크', '청주시드림기초푸드뱅크', '043-218-7991', '충청북도 청주시 청원구 상리로17번길 27-40', '(율량동)', 36.6669694,
        127.5118147);
insert into food_bank(food_bank_id, district, center_type, name, tel, address, detail_address, latitude, longitude)
values (385, '충청북도 청주시 흥덕구', '푸드뱅크', '청주시사랑나눔기초푸드뱅크', '043-266-1377', '충청북도 청주시 흥덕구 강서로71번길 20-3', '(강서동)', 36.6226332,
        127.4242906);
insert into food_bank(food_bank_id, district, center_type, name, tel, address, detail_address, latitude, longitude)
values (386, '충청북도 청주시 상당구', '푸드마켓', '청주시푸드마켓', '043-222-9171', '충북 청주시 상당구 서문동', '198-3', 36.6339809, 127.4853601);
insert into food_bank(food_bank_id, district, center_type, name, tel, address, detail_address, latitude, longitude)
values (387, '충청북도 청주시 상당구', '푸드뱅크', '청주시흥덕푸드뱅크', '043-267-1377', '충북 청주시 흥덕구 운천동', '1486', 36.6486785, 127.4747846);
insert into food_bank(food_bank_id, district, center_type, name, tel, address, detail_address, latitude, longitude)
values (388, '충청북도 청주시 상당구', '푸드뱅크', '청주제일기초푸드뱅크', '043-256-3816', '충청북도 청주시 상당구 상당로13번길 15(남문로1가)', '청주제일교회',
        36.6291383, 127.4899552);
insert into food_bank(food_bank_id, district, center_type, name, tel, address, detail_address, latitude, longitude)
values (389, '광주광역시 광산구', '푸드뱅크', '청지기푸드뱅크', '062-941-8209', '광주광역시 광산구 송도로 143', '(도산동, 대덕1차아파트)상가1층', 35.1280595,
        126.7913021);
insert into food_bank(food_bank_id, district, center_type, name, tel, address, detail_address, latitude, longitude)
values (390, '강원도 춘천시', '푸드뱅크', '춘천시푸드뱅크', '033-262-3494', '강원 춘천시 중앙로 104-1', '3층, 춘천시사회복지협의회', 37.8772399,
        127.7232258);
insert into food_bank(food_bank_id, district, center_type, name, tel, address, detail_address, latitude, longitude)
values (391, '충청남도 천안시', '푸드뱅크', '충남가톨릭농수산물지원센터', '041-582-1388', '충청남도 천안시 서북구 천안대로 1347 천안농산물도매시장(신당', '청과물동 2층',
        36.861473, 127.150925);
insert into food_bank(food_bank_id, district, center_type, name, tel, address, detail_address, latitude, longitude)
values (392, '충청북도 충주시', '푸드마켓', '충주시푸드마켓', '043-855-3011', '충청북도 충주시 사직산21길 34', '(문화동) 복합복지관 지하1층', 36.9712587,
        127.9279375);
insert into food_bank(food_bank_id, district, center_type, name, tel, address, detail_address, latitude, longitude)
values (393, '충청북도 충주시', '푸드뱅크', '충주시푸드뱅크', '043-855-3000', '충청북도 충주시 주공길 7', '(연수동)', 36.9882893, 127.9356457);
insert into food_bank(food_bank_id, district, center_type, name, tel, address, detail_address, latitude, longitude)
values (394, '경상북도 칠곡군', '푸드뱅크', '칠곡군푸드뱅크', '054-979-5129', '경상북도 칠곡군 왜관읍 관문로1길 32', '', 35.9914658, 128.4176131);
insert into food_bank(food_bank_id, district, center_type, name, tel, address, detail_address, latitude, longitude)
values (395, '강원도 태백시', '푸드뱅크', '태백푸드뱅크', '033-553-8155', '강원도 태백시 태백로 398-8(화전동)', '태백지역자활센터', 37.1793737,
        128.9682177);
insert into food_bank(food_bank_id, district, center_type, name, tel, address, detail_address, latitude, longitude)
values (396, '충청남도 태안군', '푸드뱅크', '태안군푸드뱅크', '041-675-1379', '충청남도 태안군 태안읍 시장5길 20', '1층', 36.7512723, 126.2993339);
insert into food_bank(food_bank_id, district, center_type, name, tel, address, detail_address, latitude, longitude)
values (397, '경상남도 통영시', '푸드마켓', '통영나누미푸드마켓', '055-646-1377', '경남 통영시 무전동', '984번지 내 27호(국제상가아파트 1층 27호)', 34.8598413,
        128.4282249);
insert into food_bank(food_bank_id, district, center_type, name, tel, address, detail_address, latitude, longitude)
values (398, '경상남도 통영시', '푸드뱅크', '통영푸드뱅크', '055-646-1377', '경남 통영시 무전동', '984번지 국제상가아파트27호', 34.8598413, 128.4282249);
insert into food_bank(food_bank_id, district, center_type, name, tel, address, detail_address, latitude, longitude)
values (399, '경기도 파주시', '푸드뱅크', '파주시사랑나눔푸드뱅크', '031-949-1377', '경기도 파주시 파주읍 봉서산로 138', '(봉서리)', 37.8379192,
        126.7953591);
insert into food_bank(food_bank_id, district, center_type, name, tel, address, detail_address, latitude, longitude)
values (400, '경기도 파주시', '푸드뱅크', '파주시희망나눔푸드뱅크', '031-945-3054', '경기도 파주시 교하로 914', '아이리스 빌딩 301호(문발동)', 37.7277461,
        126.7058664);
insert into food_bank(food_bank_id, district, center_type, name, tel, address, detail_address, latitude, longitude)
values (401, '경기도 파주시', '푸드마켓', '파주시희망푸드마켓', '031-949-2215', '경기도 파주시 교하로 914', '(문발동)아이리스빌딩107호', 37.7277461,
        126.7058664);
insert into food_bank(food_bank_id, district, center_type, name, tel, address, detail_address, latitude, longitude)
values (402, '경기도 수원시 권선구', '푸드뱅크', '팔도푸드뱅크', '031-221-9004', '경기도 수원시 권선구 새터로47번길 88', '(세류동)', 37.2509544,
        127.0084389);
insert into food_bank(food_bank_id, district, center_type, name, tel, address, detail_address, latitude, longitude)
values (403, '강원도 평창군', '푸드뱅크', '평창군푸드뱅크', '033-334-0117', '강원 평창군 평창읍', '종부로 61', 37.3716665, 128.3913905);
insert into food_bank(food_bank_id, district, center_type, name, tel, address, detail_address, latitude, longitude)
values (404, '경기도 평택시', '푸드뱅크', '평택시송탄기초푸드뱅크', '031-662-2677', '경기도 평택시 점촌로32번길 53', '(서정동)', 37.0608741, 127.0581323);
insert into food_bank(food_bank_id, district, center_type, name, tel, address, detail_address, latitude, longitude)
values (405, '경기도 평택시', '푸드마켓', '평택시푸드마켓1호점', '031-618-1877', '경기도 평택시 원평로28번길 34', '(군문동)', 36.9877971, 127.0867565);
insert into food_bank(food_bank_id, district, center_type, name, tel, address, detail_address, latitude, longitude)
values (406, '경기도 평택시', '푸드마켓', '평택푸드마켓2호점', '031-664-1377', '경기도 평택시 탄현1로 160', '(신장동) B102호', 37.0723427,
        127.0531788);
insert into food_bank(food_bank_id, district, center_type, name, tel, address, detail_address, latitude, longitude)
values (407, '경기도 평택시', '푸드뱅크', '평택푸드뱅크', '031-618-1877', '경기도 평택시 원평로28번길 34', '(군문동)', 36.9877971, 127.0867565);
insert into food_bank(food_bank_id, district, center_type, name, tel, address, detail_address, latitude, longitude)
values (408, '경기도 포천시', '푸드뱅크', '포천푸드뱅크', '031-535-1376', '경기도 포천시 신북면 중앙로207번길 23', '(가채리)', 37.904768, 127.2061444);
insert into food_bank(food_bank_id, district, center_type, name, tel, address, detail_address, latitude, longitude)
values (409, '경상북도 포항시 남구', '푸드마켓', '포항시푸드마켓', '054-231-1377', '경상북도 포항시 북구 장량로61번길 5-1', '(장성동)', 36.0829247,
        129.386887);
insert into food_bank(food_bank_id, district, center_type, name, tel, address, detail_address, latitude, longitude)
values (410, '경상북도 포항시 북구', '푸드뱅크', '포항우리푸드뱅크', '054-255-1377', '경상북도 포항시 북구 중앙로298번길 3-1', '(상원동)', 36.0394808,
        129.3667047);
insert into food_bank(food_bank_id, district, center_type, name, tel, address, detail_address, latitude, longitude)
values (411, '전라남도 완도군', '푸드뱅크', '푸드뱅크사랑나눔은행', '061-554-1377', '전라남도 완도군 완도읍 청해진남로23번길 9', '', 34.3129694, 126.7572155);
insert into food_bank(food_bank_id, district, center_type, name, tel, address, detail_address, latitude, longitude)
values (412, '부산광역시 서구', '푸드마켓', '푸르미&나누미푸드마켓', '051-941-1367', '부산광역시 서구 구덕로346번길 28', '(동대신동3가, 리버스12차)', 35.1149018,
        129.0169871);
insert into food_bank(food_bank_id, district, center_type, name, tel, address, detail_address, latitude, longitude)
values (413, '경기도 하남시', '푸드뱅크', '하남시푸드뱅크', '031-793-6920', '경기도 하남시 덕풍로81번길 18', '1, 2층(덕풍동)', 37.5510644, 127.2036655);
insert into food_bank(food_bank_id, district, center_type, name, tel, address, detail_address, latitude, longitude)
values (414, '경상남도 하동군', '푸드뱅크', '하동군푸드뱅크', '055-884-6955', '경남 하동군 하동읍', '청년회관길 13', 35.0858952, 127.7375643);
insert into food_bank(food_bank_id, district, center_type, name, tel, address, detail_address, latitude, longitude)
values (415, '대전광역시 서구', '푸드뱅크', '한밭사랑푸드뱅크', '042-535-0191', '대전광역시 서구 변동로 91', '(변동) 1층 2호', 36.3243955, 127.3830105);
insert into food_bank(food_bank_id, district, center_type, name, tel, address, detail_address, latitude, longitude)
values (416, '경상남도 함안군', '푸드뱅크', '함안군푸드뱅크', '055-580-2495', '경상남도 함안군 가야읍 말산로 1', '', 35.272476, 128.406731);
insert into food_bank(food_bank_id, district, center_type, name, tel, address, detail_address, latitude, longitude)
values (417, '경상남도 함양군', '푸드뱅크', '함양군푸드뱅크', '055-962-2071', '경남 함양군 함양읍 백천리', '309번지', 35.5260354, 127.7686614);
insert into food_bank(food_bank_id, district, center_type, name, tel, address, detail_address, latitude, longitude)
values (418, '전라남도 함평군', '푸드뱅크', '함평기초푸드뱅크', '061-324-2331', '전라남도 함평군 함평읍 함장로 1071', '', 35.0557886, 126.5137392);
insert into food_bank(food_bank_id, district, center_type, name, tel, address, detail_address, latitude, longitude)
values (419, '전라남도 함평군', '푸드뱅크', '함평희망나눔기초푸드뱅크', '061-324-1881', '전라남도 함평군 함평읍 송정길 49', '전라남도 함평군 함평읍 수호리882',
        35.0381497, 126.4994114);
insert into food_bank(food_bank_id, district, center_type, name, tel, address, detail_address, latitude, longitude)
values (420, '경상남도 합천군', '푸드뱅크', '합천군푸드뱅크', '055-931-2370', '경상남도 합천군 합천읍 중앙로 33-2', '', 35.5638992, 128.1579441);
insert into food_bank(food_bank_id, district, center_type, name, tel, address, detail_address, latitude, longitude)
values (421, '전라남도 해남군', '푸드뱅크', '해남푸드뱅크', '061-535-1377', '전라남도 해남군 서림길 5( 구교리)', '해남푸드뱅크', 34.574434, 126.5926783);
insert into food_bank(food_bank_id, district, center_type, name, tel, address, detail_address, latitude, longitude)
values (422, '부산광역시 해운대구', '푸드뱅크', '해운대기초푸드뱅크', '051-782-5005', '부산 해운대구 재송1동', '100-9', 35.1846104, 129.1252757);
insert into food_bank(food_bank_id, district, center_type, name, tel, address, detail_address, latitude, longitude)
values (423, '부산광역시 해운대구', '푸드마켓', '해운대푸드마켓', '051-781-1373', '부산광역시 해운대구 재반로 79(재송동)', '2층 푸드마켓', 35.1854088,
        129.1255938);
insert into food_bank(food_bank_id, district, center_type, name, tel, address, detail_address, latitude, longitude)
values (424, '전라남도 여수시', '푸드마켓', '햇살나눔식품지원가게(마켓)2호점', '061-642-1477', '전라남도 여수시 신기북4길 11-1', '(신기동)', 34.7648491,
        127.6713067);
insert into food_bank(food_bank_id, district, center_type, name, tel, address, detail_address, latitude, longitude)
values (425, '전라남도 무안군', '푸드마켓', '햇살나눔푸드마켓(전남)1호점', '061-283-1477', '전라남도 무안군 삼향읍 오룡3길 22', '1층(전라남도회관), 전라남도사회복지협의회',
        34.8169036, 126.4577083);
insert into food_bank(food_bank_id, district, center_type, name, tel, address, detail_address, latitude, longitude)
values (426, '광주광역시 북구', '푸드뱅크', '행복나눔기초푸드뱅크', '062-525-1691', '광주광역시 북구 당뫼로 12', '(중흥동)', 35.167463, 126.9137617);
insert into food_bank(food_bank_id, district, center_type, name, tel, address, detail_address, latitude, longitude)
values (427, '광주광역시 북구', '푸드마켓', '행복나눔푸드마켓북구점', '062-264-1377', '광주광역시 북구 서하로 232(오치동)', '969-1', 35.1869972,
        126.9058726);
insert into food_bank(food_bank_id, district, center_type, name, tel, address, detail_address, latitude, longitude)
values (428, '광주광역시 서구', '푸드마켓', '행복나눔푸드마켓서구점', '062-374-1377', '광주광역시 서구 염화로 119(화정동)', '행복나눔푸드마켓서구점', 35.1431109,
        126.8775678);
insert into food_bank(food_bank_id, district, center_type, name, tel, address, detail_address, latitude, longitude)
values (429, '경기도 시흥시', '푸드뱅크', '행복나눔푸드뱅크', '070-8245-0675', '경기도 시흥시 호현로 68-1', '(대야동)', 37.4459899, 126.7865464);
insert into food_bank(food_bank_id, district, center_type, name, tel, address, detail_address, latitude, longitude)
values (430, '대구광역시 서구', '푸드마켓', '행복마당 푸드마켓', '053-262-1377', '대구광역시 서구 국채보상로 399', 'B동 (비산동)', 35.8723801,
        128.5746973);
insert into food_bank(food_bank_id, district, center_type, name, tel, address, detail_address, latitude, longitude)
values (431, '충청남도 보령시', '푸드마켓', '행복보령푸드마켓', '041-931-8502', '충청남도 보령시 원동1길 95', '(대천동) 보령복지센터 1층', 36.3503406,
        126.6003001);
insert into food_bank(food_bank_id, district, center_type, name, tel, address, detail_address, latitude, longitude)
values (432, '충청남도 보령시', '푸드뱅크', '행복보령푸드뱅크', '041-931-8502', '충청남도 보령시 원동1길 95', '(동대동) 보령복지센터 1층', 36.3503406,
        126.6003001);
insert into food_bank(food_bank_id, district, center_type, name, tel, address, detail_address, latitude, longitude)
values (433, '대구광역시 중구', '푸드마켓', '행복한중구푸드마켓', '053-256-1377', '대구 중구 남산4동', '2466-91번지', 35.8608223, 128.5795328);
insert into food_bank(food_bank_id, district, center_type, name, tel, address, detail_address, latitude, longitude)
values (434, '충청남도 홍성군', '푸드마켓', '홍성군푸드마켓뱅크', '041-634-7377', '충청남도 홍성군 홍성읍 홍성천길 114', '1층', 36.5981397, 126.663272);
insert into food_bank(food_bank_id, district, center_type, name, tel, address, detail_address, latitude, longitude)
values (435, '강원도 홍천군', '푸드뱅크', '홍천군기초푸드뱅크', '033-433-8587', '강원도 홍천군 홍천읍 너브내길 121', '', 37.6915015, 127.8913406);
insert into food_bank(food_bank_id, district, center_type, name, tel, address, detail_address, latitude, longitude)
values (436, '경기도 화성시', '푸드마켓', '화성시나래울푸드마켓', '031-8015-7400', '경기도 화성시 여울로2길 33', '(능동)', 37.2051731, 127.0516172);
insert into food_bank(food_bank_id, district, center_type, name, tel, address, detail_address, latitude, longitude)
values (437, '경기도 화성시', '푸드마켓', '화성시행복나눔푸드마켓', '031-8059-1677', '경기도 화성시 향남읍 행정서로3길 50', '(행정리)', 37.1304161,
        126.9195953);
insert into food_bank(food_bank_id, district, center_type, name, tel, address, detail_address, latitude, longitude)
values (438, '경기도 화성시', '푸드뱅크', '화성시행복나눔푸드뱅크', '031-8059-1677', '경기도 화성시 향남읍 행정서로3길 50', '(행정리)', 37.1304161,
        126.9195953);
insert into food_bank(food_bank_id, district, center_type, name, tel, address, detail_address, latitude, longitude)
values (439, '경기도 화성시', '푸드뱅크', '화성여럿이함께푸드뱅크', '031-613-1907', '경기도 화성시 남여울3길 9-10', '(능동)', 37.1985487, 127.0542564);
insert into food_bank(food_bank_id, district, center_type, name, tel, address, detail_address, latitude, longitude)
values (440, '경기도 화성시', '푸드뱅크', '화성은혜푸드뱅크', '031-8003-6004', '경기도 화성시 동탄문화센터로 75', '서해더블루 1동 1002호', 37.1999889,
        127.0734474);
insert into food_bank(food_bank_id, district, center_type, name, tel, address, detail_address, latitude, longitude)
values (441, '전라남도 화순군', '푸드뱅크', '화순군푸드뱅크', '061-371-1377', '전남 화순군 춘양면 학포로 1303-1', '소향원', 34.9429086, 126.974308);
insert into food_bank(food_bank_id, district, center_type, name, tel, address, detail_address, latitude, longitude)
values (442, '강원도 화천군', '푸드뱅크', '화천푸드뱅크', '033-442-1992', '강원도 화천군 하남면 춘화로 3341', '2층 화천군사회복지협의회', 38.0978746,
        127.7043514);
insert into food_bank(food_bank_id, district, center_type, name, tel, address, detail_address, latitude, longitude)
values (443, '강원도 횡성군', '푸드뱅크', '횡성군기초푸드뱅크', '033-342-1104', '강원도 횡성군 횡성읍 어수로 46', '', 37.4949102, 127.9832018);
insert into food_bank(food_bank_id, district, center_type, name, tel, address, detail_address, latitude, longitude)
values (444, '경상북도 포항시 북구', '푸드뱅크', '흥해제일기초푸드뱅크', '054-261-7525', '경상북도 포항시 북구 흥해읍 한동로 43', '', 36.1107361, 129.346281);
insert into food_bank(food_bank_id, district, center_type, name, tel, address, detail_address, latitude, longitude)
values (445, '광주광역시 남구', '푸드뱅크', '희망기초푸드뱅크', '062-653-9313', '광주광역시 남구 진다리로31번길 13', '(백운동)', 35.1379791, 126.9050516);
insert into food_bank(food_bank_id, district, center_type, name, tel, address, detail_address, latitude, longitude)
values (446, '경기도 용인시 처인구', '푸드뱅크', '희망나눔푸드뱅크', '031-333-4646', '경기도 용인시 기흥구 중부대로 242', '오토허브C동 B101호(영덕동)', 37.2683167,
        127.0920453);
insert into food_bank(food_bank_id, district, center_type, name, tel, address, detail_address, latitude, longitude)
values (447, '경기도 성남시 수정구', '푸드뱅크', '희망등대푸드뱅크', '031-754-0011', '경기도 성남시 수정구 위례순환로 17', '(창곡동, 위례31단지) 3109동 에듀센터 1층',
        37.4731605, 127.1345252);